scouting_rank,player_name,club_name,competition_name,country_name,age_at_season_end,position,minutes,goals,assists,goals_per90,assists_per90,market_value_in_eur,breakout_probability_pct
1,Troy Parrott,AZ Alkmaar,eredivisie,Netherlands,24,Attack,2206.0,16.0,5.0,0.653,0.204,25000000.0,96.47918561074871
2,Yarek Gasiorowski,PSV Eindhoven,eredivisie,Netherlands,21,Defender,2144.0,3.0,2.0,0.126,0.084,18000000.0,96.07153811171196
3,Samuel Dahl,SL Benfica,liga-portugal,Portugal,23,Defender,2863.0,1.0,1.0,0.031,0.031,13000000.0,94.73432610619145
4,Wouter Goes,AZ Alkmaar,eredivisie,Netherlands,22,Defender,2751.0,1.0,0.0,0.033,0.0,15000000.0,94.70068351055488
5,Mika Godts,Ajax Amsterdam,eredivisie,Netherlands,21,Attack,2686.0,17.0,12.0,0.57,0.402,35000000.0,94.67661653171007
6,Joaquin Seys,Club Brugge KV,jupiler-pro-league,Belgium,21,Defender,2115.0,1.0,3.0,0.043,0.128,20000000.0,94.18703906162789
7,Ahmetcan Kaplan,NEC Nijmegen,eredivisie,Netherlands,23,Defender,2046.0,1.0,0.0,0.044,0.0,7000000.0,94.1615890934471
8,Ryan Flamingo,PSV Eindhoven,eredivisie,Netherlands,24,Defender,1661.0,3.0,1.0,0.163,0.054,14000000.0,93.74888908852922
9,Ruud Nijstad,FC Twente Enschede,eredivisie,Netherlands,18,Defender,1675.0,1.0,1.0,0.054,0.054,10000000.0,93.6875480512567
10,Anis Hadj Moussa,Feyenoord Rotterdam,eredivisie,Netherlands,24,Attack,2554.0,11.0,6.0,0.388,0.211,23000000.0,93.68093904646656
11,Alan Varela,FC Porto,liga-portugal,Portugal,25,Midfield,2322.0,2.0,0.0,0.078,0.0,32000000.0,93.5875484816487
12,Kees Smit,AZ Alkmaar,eredivisie,Netherlands,20,Midfield,2139.0,3.0,3.0,0.126,0.126,25000000.0,93.45783981832083
13,Nathan De Cat,RSC Anderlecht,jupiler-pro-league,Belgium,18,Midfield,2262.0,2.0,4.0,0.08,0.159,27000000.0,93.43315049321534
14,Matte Smets,KRC Genk,jupiler-pro-league,Belgium,22,Defender,2700.0,0.0,1.0,0.0,0.033,10000000.0,93.40108932055409
15,Youri Baas,Ajax Amsterdam,eredivisie,Netherlands,23,Defender,2760.0,4.0,1.0,0.13,0.033,20000000.0,93.36335045182375
16,Luciano Valente,Feyenoord Rotterdam,eredivisie,Netherlands,23,Midfield,2552.0,2.0,7.0,0.071,0.247,18000000.0,93.10461718574041
17,António Silva,SL Benfica,liga-portugal,Portugal,23,Defender,1858.0,1.0,1.0,0.048,0.048,25000000.0,92.95873915223336
18,Joel Ordóñez,Club Brugge KV,jupiler-pro-league,Belgium,22,Defender,1822.0,3.0,0.0,0.148,0.0,33000000.0,92.891422933365
19,Sergiño Dest,PSV Eindhoven,eredivisie,Netherlands,26,Defender,2204.0,1.0,7.0,0.041,0.286,18000000.0,92.70331070411936
20,Ibrahima Ba,FC Famalicão,liga-portugal,Portugal,21,Defender,1655.0,1.0,1.0,0.054,0.054,12000000.0,92.67438116419497
21,Oussama Targhalline,Feyenoord Rotterdam,eredivisie,Netherlands,24,Midfield,1911.0,2.0,4.0,0.094,0.188,16000000.0,92.661621829121
22,Givairo Read,Feyenoord Rotterdam,eredivisie,Netherlands,20,Defender,941.0,1.0,3.0,0.096,0.287,25000000.0,92.59423626077145
23,Gjivai Zechiël,FC Utrecht,eredivisie,Netherlands,22,Midfield,2811.0,8.0,7.0,0.256,0.224,10000000.0,92.50432978367478
24,Gonçalo Inácio,Sporting CP,liga-portugal,Portugal,25,Defender,2506.0,2.0,3.0,0.072,0.108,40000000.0,92.4825339921805
25,Anan Khalaili,Union Saint-Gilloise,jupiler-pro-league,Belgium,22,Midfield,2272.0,2.0,1.0,0.079,0.04,23000000.0,92.45334164045755
26,Iván Fresneda,Sporting CP,liga-portugal,Portugal,22,Defender,1605.0,1.0,0.0,0.056,0.0,15000000.0,92.38093316990025
27,Aleksandar Stanković,Club Brugge KV,jupiler-pro-league,Belgium,21,Midfield,2291.0,4.0,2.0,0.157,0.079,32000000.0,92.20014440502231
28,Raphael Onyedika,Club Brugge KV,jupiler-pro-league,Belgium,25,Midfield,1688.0,1.0,0.0,0.053,0.0,23000000.0,91.93630797670941
29,Nicolò Tresoldi,Club Brugge KV,jupiler-pro-league,Belgium,22,Attack,1811.0,13.0,3.0,0.646,0.149,25000000.0,91.86912552387311
30,Mihajlo Cvetkovic,RSC Anderlecht,jupiler-pro-league,Belgium,19,Attack,1130.0,5.0,2.0,0.398,0.159,10000000.0,91.8460104900997
31,Bright Arrey-Mbi,SC Braga,liga-portugal,Portugal,23,Defender,1829.0,0.0,0.0,0.0,0.0,9000000.0,91.82252047507161
32,Josip Sutalo,Ajax Amsterdam,eredivisie,Netherlands,26,Defender,1797.0,0.0,0.0,0.0,0.0,12000000.0,91.77066958275697
33,Jayden Oosterwolde,Fenerbahce,super-lig,Türkiye,25,Defender,2626.0,0.0,0.0,0.0,0.0,20000000.0,91.76325274944905
34,Jakub Kiwior,FC Porto,liga-portugal,Portugal,26,Defender,2217.0,0.0,1.0,0.0,0.041,35000000.0,91.67913373505682
35,Matthieu Epolo,Standard Liège,jupiler-pro-league,Belgium,21,Goalkeeper,1890.0,0.0,0.0,0.0,0.0,8000000.0,91.40134576084482
36,Souffian El Karouani,FC Utrecht,eredivisie,Netherlands,26,Defender,2835.0,2.0,11.0,0.063,0.349,15000000.0,91.21094035195021
37,Mats Rots,FC Twente Enschede,eredivisie,Netherlands,20,Defender,2955.0,4.0,4.0,0.122,0.122,12000000.0,90.98501881049292
38,Paul Wanner,PSV Eindhoven,eredivisie,Netherlands,21,Midfield,1641.0,3.0,3.0,0.165,0.165,22000000.0,90.97986994819505
39,Tomás Araújo,SL Benfica,liga-portugal,Portugal,24,Defender,1684.0,1.0,2.0,0.053,0.107,30000000.0,90.69574005382904
40,Victor Froholdt,FC Porto,liga-portugal,Portugal,20,Midfield,2875.0,6.0,6.0,0.188,0.188,50000000.0,90.64639471505343
41,Anass Salah-Eddine,PSV Eindhoven,eredivisie,Netherlands,24,Defender,1092.0,0.0,1.0,0.0,0.082,12000000.0,90.49916168227742
42,Elijah Dijkstra,AZ Alkmaar,eredivisie,Netherlands,20,Defender,1272.0,0.0,0.0,0.0,0.0,6000000.0,90.48271676681063
43,Keisuke Goto,Sint-Truidense VV,jupiler-pro-league,Belgium,21,Attack,2081.0,10.0,5.0,0.432,0.216,10000000.0,90.42098150631232
44,Bart van Rooij,FC Twente Enschede,eredivisie,Netherlands,25,Defender,2928.0,3.0,5.0,0.092,0.154,10000000.0,90.08013332904075
45,Kodai Sano,NEC Nijmegen,eredivisie,Netherlands,23,Midfield,3060.0,3.0,7.0,0.088,0.206,12000000.0,89.93635768400881
46,Kyriani Sabbe,Club Brugge KV,jupiler-pro-league,Belgium,21,Defender,1510.0,2.0,3.0,0.119,0.179,8000000.0,89.85170979211303
47,Alexandre Penetra,AZ Alkmaar,eredivisie,Netherlands,25,Defender,2847.0,2.0,1.0,0.063,0.032,10000000.0,89.82987574751618
48,Alberto Costa,FC Porto,liga-portugal,Portugal,23,Defender,2227.0,1.0,9.0,0.04,0.364,18000000.0,89.76349246095084
49,Anel Ahmedhodzic,Feyenoord Rotterdam,eredivisie,Netherlands,27,Defender,2210.0,0.0,1.0,0.0,0.041,10000000.0,89.64890097313145
50,Amar Dedić,SL Benfica,liga-portugal,Portugal,24,Defender,1903.0,1.0,5.0,0.047,0.236,16000000.0,89.63067910482464
51,Stije Resink,FC Groningen,eredivisie,Netherlands,23,Midfield,2090.0,5.0,5.0,0.215,0.215,7000000.0,89.5613529179235
52,Peer Koopmeiners,AZ Alkmaar,eredivisie,Netherlands,26,Midfield,2134.0,2.0,0.0,0.084,0.0,12000000.0,89.51188844560906
53,Maxi Araújo,Sporting CP,liga-portugal,Portugal,26,Defender,2215.0,5.0,4.0,0.203,0.163,35000000.0,89.3462254656909
54,Oliver Braude,SC Heerenveen,eredivisie,Netherlands,22,Defender,2820.0,0.0,5.0,0.0,0.16,5000000.0,89.15137180027794
55,Mauro Júnior,PSV Eindhoven,eredivisie,Netherlands,27,Defender,2086.0,1.0,9.0,0.043,0.388,18000000.0,89.1119662717373
56,Gustaf Lagerbielke,SC Braga,liga-portugal,Portugal,26,Defender,2391.0,2.0,0.0,0.075,0.0,10000000.0,88.84867610789651
57,Carlos Forbs,Club Brugge KV,jupiler-pro-league,Belgium,22,Attack,2029.0,3.0,7.0,0.133,0.31,20000000.0,88.81305815817421
58,Stav Lemkin,FC Twente Enschede,eredivisie,Netherlands,23,Defender,2040.0,0.0,1.0,0.0,0.044,6000000.0,88.79795288604426
59,Franjo Ivanović,SL Benfica,liga-portugal,Portugal,23,Attack,869.0,6.0,3.0,0.621,0.311,15000000.0,88.66819880864396
60,Sami Ouaissa,NEC Nijmegen,eredivisie,Netherlands,22,Midfield,2644.0,6.0,7.0,0.204,0.238,8000000.0,88.6349732730077
61,Zeno Debast,Sporting CP,liga-portugal,Portugal,23,Defender,1177.0,0.0,2.0,0.0,0.153,28000000.0,88.57816441879758
62,Nathan-Dylan Saliba,RSC Anderlecht,jupiler-pro-league,Belgium,22,Midfield,1751.0,2.0,1.0,0.103,0.051,7500000.0,88.56581078539222
63,Gabriel Moscardo,SC Braga,liga-portugal,Portugal,21,Midfield,941.0,0.0,0.0,0.0,0.0,7000000.0,88.46612885250264
64,Dies Janse,FC Groningen,eredivisie,Netherlands,20,Defender,2724.0,2.0,2.0,0.066,0.066,6500000.0,88.43931246874325
65,Konstantinos Tzolakis,Olympiakos Syndesmos Filathlon Peiraios,super-league-1,Greece,24,Goalkeeper,2340.0,0.0,0.0,0.0,0.0,18000000.0,88.31263340314428
66,Enzo Barrenechea,SL Benfica,liga-portugal,Portugal,25,Midfield,1798.0,1.0,0.0,0.05,0.0,12000000.0,88.30748682710507
67,Martim Fernandes,FC Porto,liga-portugal,Portugal,20,Defender,1119.0,1.0,1.0,0.08,0.08,12000000.0,88.24319822382449
68,Diogo Sousa,Vitória Guimarães SC,liga-portugal,Portugal,20,Midfield,1162.0,1.0,1.0,0.077,0.077,8000000.0,88.22820333612452
69,Zeno Van Den Bosch,Royal Antwerp FC,jupiler-pro-league,Belgium,23,Defender,2470.0,0.0,0.0,0.0,0.0,6000000.0,88.18724783973036
70,Kamiel Van De Perre,Union Saint-Gilloise,jupiler-pro-league,Belgium,22,Midfield,1619.0,0.0,3.0,0.0,0.167,8000000.0,88.04993140405973
71,Jorthy Mokio,Ajax Amsterdam,eredivisie,Netherlands,18,Midfield,1323.0,2.0,2.0,0.136,0.136,8000000.0,88.00412558284786
72,Oumar Camara,Vitória Guimarães SC,liga-portugal,Portugal,19,Attack,1504.0,5.0,2.0,0.299,0.12,8000000.0,87.91961519165771
73,Lorenzo Pirola,Olympiakos Syndesmos Filathlon Peiraios,super-league-1,Greece,24,Defender,1426.0,1.0,1.0,0.063,0.063,11000000.0,87.90688770525954
74,Esmir Bajraktarevic,PSV Eindhoven,eredivisie,Netherlands,21,Attack,1062.0,4.0,5.0,0.339,0.424,8000000.0,87.81376068403091
75,Caleb Yirenkyi,FC Nordsjaelland,superliga,Denmark,20,Midfield,1804.0,2.0,5.0,0.1,0.249,10000000.0,87.70337704158094
76,Romeo Vermant,Club Brugge KV,jupiler-pro-league,Belgium,22,Attack,1070.0,7.0,2.0,0.589,0.168,9000000.0,87.65150890659254
77,Arseniy Batagov,Trabzonspor,super-lig,Türkiye,24,Defender,2115.0,0.0,2.0,0.0,0.085,11000000.0,87.5913844474633
78,Tuur Rommens,KVC Westerlo,jupiler-pro-league,Belgium,23,Defender,1223.0,0.0,0.0,0.0,0.0,7000000.0,87.58873441199913
79,Yassine Titraoui,Royal Charleroi Sporting Club,jupiler-pro-league,Belgium,23,Midfield,2367.0,4.0,0.0,0.152,0.0,7000000.0,87.46791663637231
80,Morten Hjulmand,Sporting CP,liga-portugal,Portugal,27,Midfield,2325.0,3.0,4.0,0.116,0.155,45000000.0,87.41596445380986
81,Oscar Gloukh,Ajax Amsterdam,eredivisie,Netherlands,22,Midfield,1560.0,6.0,6.0,0.346,0.346,13000000.0,87.30162831956622
82,Nazinho,Cercle Brugge,jupiler-pro-league,Belgium,23,Defender,2074.0,3.0,4.0,0.13,0.174,6000000.0,87.07174569204403
83,Nilson Angulo,RSC Anderlecht,jupiler-pro-league,Belgium,23,Attack,1902.0,6.0,7.0,0.284,0.331,17000000.0,87.0540630265533
84,Matej Kovar,PSV Eindhoven,eredivisie,Netherlands,26,Goalkeeper,2790.0,0.0,0.0,0.0,0.0,8000000.0,86.93263450551616
85,Sean Steur,Ajax Amsterdam,eredivisie,Netherlands,18,Midfield,1135.0,1.0,1.0,0.079,0.079,7000000.0,86.91771620712154
86,Alonzo Engwanda,FC Utrecht,eredivisie,Netherlands,23,Midfield,2925.0,0.0,1.0,0.0,0.031,8000000.0,86.88631238452795
87,Vangelis Pavlidis,SL Benfica,liga-portugal,Portugal,28,Attack,2669.0,22.0,4.0,0.742,0.135,28000000.0,86.85436754246417
88,Diogo Costa,FC Porto,liga-portugal,Portugal,27,Goalkeeper,2907.0,0.0,0.0,0.0,0.0,40000000.0,86.81522237776348
89,Prince Amoako Junior,FC Nordsjaelland,superliga,Denmark,19,Attack,1672.0,6.0,4.0,0.323,0.215,7000000.0,86.71509990580793
90,Eduardo Quaresma,Sporting CP,liga-portugal,Portugal,24,Defender,1186.0,2.0,2.0,0.152,0.152,17000000.0,86.58254293714116
91,Zakaria El Ouahdi,KRC Genk,jupiler-pro-league,Belgium,25,Defender,2105.0,7.0,2.0,0.299,0.086,17000000.0,86.48540564662855
92,Ousmane Diomande,Sporting CP,liga-portugal,Portugal,23,Defender,1297.0,0.0,1.0,0.0,0.069,42000000.0,86.42874722501395
93,Başar Önal,NEC Nijmegen,eredivisie,Netherlands,22,Attack,2070.0,7.0,8.0,0.304,0.348,7000000.0,86.42841879120398
94,Mathias de Amorim,FC Famalicão,liga-portugal,Portugal,22,Midfield,2470.0,4.0,2.0,0.146,0.073,10000000.0,86.41534830536527
95,Richard Ríos,SL Benfica,liga-portugal,Portugal,26,Midfield,2284.0,5.0,4.0,0.197,0.158,25000000.0,86.41525520941096
96,Kjell Scherpen,Union Saint-Gilloise,jupiler-pro-league,Belgium,26,Goalkeeper,1935.0,0.0,0.0,0.0,0.0,8000000.0,86.40695851144659
97,Franculino,FC Midtjylland,superliga,Denmark,22,Attack,1220.0,16.0,3.0,1.18,0.221,22000000.0,86.3666213836148
98,Geovany Quenda,Sporting CP,liga-portugal,Portugal,19,Attack,875.0,2.0,5.0,0.206,0.514,42000000.0,86.26431929732777
99,Jordan Bos,Feyenoord Rotterdam,eredivisie,Netherlands,24,Defender,2058.0,4.0,9.0,0.175,0.394,12000000.0,86.08636720050306
100,Gorby,SC Braga,liga-portugal,Portugal,24,Midfield,1714.0,1.0,0.0,0.053,0.0,9000000.0,86.01756510086774
101,Jacob Trenskow,SC Heerenveen,eredivisie,Netherlands,26,Attack,2680.0,12.0,5.0,0.403,0.168,7500000.0,85.99931642469247
102,Anton Gaaei,Ajax Amsterdam,eredivisie,Netherlands,24,Defender,1793.0,1.0,4.0,0.05,0.201,5000000.0,85.9790002802784
103,Christos Zafeiris,Panthessalonikios Athlitikos Omilos Konstantinoupoliton,super-league-1,Greece,23,Midfield,925.0,0.0,0.0,0.0,0.0,11000000.0,85.92531768638088
104,Andreas Schjelderup,SL Benfica,liga-portugal,Portugal,22,Attack,1733.0,7.0,6.0,0.364,0.312,30000000.0,85.88686713948869
105,Leo Sauer,Feyenoord Rotterdam,eredivisie,Netherlands,21,Attack,1419.0,3.0,2.0,0.19,0.127,7000000.0,85.8746613919019
106,Juan,Göztepe,super-lig,Türkiye,24,Attack,2588.0,11.0,5.0,0.383,0.174,12000000.0,85.79843170091391
107,Jerdy Schouten,PSV Eindhoven,eredivisie,Netherlands,29,Midfield,2381.0,1.0,2.0,0.038,0.076,20000000.0,85.68779378762879
108,Bastien Meupiyou,FC Alverca,liga-portugal,Portugal,20,Defender,2619.0,0.0,0.0,0.0,0.0,7000000.0,85.6530619301836
109,Hyeon-gyu Oh,KRC Genk,jupiler-pro-league,Belgium,25,Attack,1109.0,6.0,3.0,0.487,0.243,15000000.0,85.64588515250311
110,Amorim,FC Alverca,liga-portugal,Portugal,21,Midfield,1634.0,2.0,0.0,0.11,0.0,8000000.0,85.5974803245583
111,Mexx Meerdink,AZ Alkmaar,eredivisie,Netherlands,23,Attack,881.0,5.0,1.0,0.511,0.102,8000000.0,85.57047821606925
112,Jan Bednarek,FC Porto,liga-portugal,Portugal,30,Defender,2680.0,2.0,0.0,0.067,0.0,11000000.0,85.5463362458935
113,Renato Nhaga,Casa Pia AC,liga-portugal,Portugal,19,Midfield,1171.0,2.0,0.0,0.154,0.0,6000000.0,85.3137167948142
114,Mario Dorgeles,SC Braga,liga-portugal,Portugal,22,Midfield,990.0,2.0,1.0,0.182,0.091,10000000.0,85.29417853349992
115,João Simões,Sporting CP,liga-portugal,Portugal,19,Midfield,755.0,0.0,1.0,0.0,0.119,15000000.0,85.25863901108184
116,Kiliann Sildillia,PSV Eindhoven,eredivisie,Netherlands,24,Defender,1264.0,2.0,3.0,0.142,0.214,7000000.0,85.20712177373277
117,Mujaid Sadick,KRC Genk,jupiler-pro-league,Belgium,26,Defender,2473.0,2.0,0.0,0.073,0.0,5000000.0,85.11150073369416
118,Darío Osorio,FC Midtjylland,superliga,Denmark,22,Attack,1337.0,4.0,6.0,0.269,0.404,15000000.0,85.00424784433898
119,Ismael Saibari,PSV Eindhoven,eredivisie,Netherlands,25,Midfield,2146.0,15.0,8.0,0.629,0.336,40000000.0,84.95659560851867
120,Lukas Hornicek,SC Braga,liga-portugal,Portugal,24,Goalkeeper,2960.0,0.0,0.0,0.0,0.0,18000000.0,84.94683143287125
121,Denso Kasius,AZ Alkmaar,eredivisie,Netherlands,24,Defender,1219.0,2.0,2.0,0.148,0.148,6000000.0,84.88755050447816
122,Redouane Halhal,KV Mechelen,jupiler-pro-league,Belgium,23,Defender,2039.0,1.0,2.0,0.044,0.088,5000000.0,84.7803868402606
123,Lucas Lund,Viborg FF,superliga,Denmark,26,Goalkeeper,1980.0,0.0,0.0,0.0,0.0,2000000.0,84.76242113196083
124,Dominik Kotarski,FC Copenhagen,superliga,Denmark,26,Goalkeeper,1980.0,0.0,0.0,0.0,0.0,5000000.0,84.7536357326692
125,Tsuyoshi Watanabe,Feyenoord Rotterdam,eredivisie,Netherlands,29,Defender,2637.0,2.0,0.0,0.068,0.0,10000000.0,84.73528464856014
126,Gustavo Sá,FC Famalicão,liga-portugal,Portugal,22,Midfield,2711.0,4.0,2.0,0.133,0.066,25000000.0,84.70986784493535
127,Luís Guilherme,Sporting CP,liga-portugal,Portugal,20,Attack,634.0,1.0,0.0,0.142,0.0,12000000.0,84.67732173086465
128,Joey Veerman,PSV Eindhoven,eredivisie,Netherlands,28,Midfield,2370.0,8.0,14.0,0.304,0.532,25000000.0,84.64615660743975
129,Thijs Kraaijeveld,Feyenoord Rotterdam,eredivisie,Netherlands,19,Midfield,745.0,0.0,0.0,0.0,0.0,5000000.0,84.54999246689489
130,Ibrahima Sory Bangoura,KRC Genk,jupiler-pro-league,Belgium,22,Midfield,644.0,0.0,0.0,0.0,0.0,6000000.0,84.50135613834193
131,Gianluca Prestianni,SL Benfica,liga-portugal,Portugal,20,Attack,1546.0,3.0,6.0,0.175,0.349,20000000.0,84.40978069219905
132,Mathias Delorge,KAA Gent,jupiler-pro-league,Belgium,22,Midfield,1053.0,0.0,2.0,0.0,0.171,7000000.0,84.33186944829028
133,Christ Inao Oulaï,Trabzonspor,super-lig,Türkiye,20,Midfield,2078.0,2.0,4.0,0.087,0.173,23000000.0,84.25840430615627
134,Tobe Leysen,Oud-Heverlee Leuven,jupiler-pro-league,Belgium,24,Goalkeeper,2138.0,0.0,0.0,0.0,0.0,5000000.0,84.21036143517496
135,Kévin Boma,GD Estoril Praia,liga-portugal,Portugal,24,Defender,1722.0,1.0,1.0,0.052,0.052,6000000.0,84.19732617373725
136,Anatoliy Trubin,SL Benfica,liga-portugal,Portugal,25,Goalkeeper,2880.0,0.0,0.0,0.0,0.0,25000000.0,84.15581836426033
137,Wagner Pina,Trabzonspor,super-lig,Türkiye,24,Defender,2444.0,0.0,7.0,0.0,0.258,11000000.0,84.0633954694257
138,Andreas Jungdal,KVC Westerlo,jupiler-pro-league,Belgium,24,Goalkeeper,2700.0,0.0,0.0,0.0,0.0,3500000.0,84.00709559393955
139,Víctor Gómez,SC Braga,liga-portugal,Portugal,26,Defender,2480.0,1.0,6.0,0.036,0.218,10000000.0,83.96661235247775
140,Leo Kokubo,Sint-Truidense VV,jupiler-pro-league,Belgium,25,Goalkeeper,2700.0,0.0,0.0,0.0,0.0,5000000.0,83.88784644682123
141,Sondre Ørjasæter,FC Twente Enschede,eredivisie,Netherlands,23,Attack,2154.0,3.0,6.0,0.125,0.251,7000000.0,83.88323067158133
142,Luis Suárez,Sporting CP,liga-portugal,Portugal,29,Attack,2699.0,28.0,7.0,0.934,0.233,30000000.0,83.86884965117275
143,Promise David,Union Saint-Gilloise,jupiler-pro-league,Belgium,25,Attack,1498.0,9.0,2.0,0.541,0.12,17000000.0,83.79950975230003
144,Check Keita,Royal Charleroi Sporting Club,jupiler-pro-league,Belgium,23,Defender,2541.0,3.0,0.0,0.106,0.0,3500000.0,83.79844226263607
145,Kenneth Taylor,Ajax Amsterdam,eredivisie,Netherlands,24,Midfield,1280.0,2.0,4.0,0.141,0.281,25000000.0,83.71017624695574
146,Kevin Mac Allister,Union Saint-Gilloise,jupiler-pro-league,Belgium,29,Defender,2224.0,1.0,1.0,0.04,0.04,12000000.0,83.64532984893593
147,Mohamed Touré,Randers FC,superliga,Denmark,22,Attack,1117.0,4.0,4.0,0.322,0.322,8000000.0,83.5959842830677
148,Ousmane Diao,FC Midtjylland,superliga,Denmark,22,Defender,1112.0,1.0,1.0,0.081,0.081,8000000.0,83.59269661604442
149,Robert-Jan Vanwesemael,Sint-Truidense VV,jupiler-pro-league,Belgium,24,Defender,2208.0,1.0,1.0,0.041,0.041,3000000.0,83.42353684289536
150,Andreas Ntoi,Rio Ave FC,liga-portugal,Portugal,23,Defender,2347.0,1.0,2.0,0.038,0.077,5000000.0,83.39912281377079
151,Ibe Hautekiet,Standard Liège,jupiler-pro-league,Belgium,24,Defender,2047.0,2.0,1.0,0.088,0.044,4000000.0,83.39841691427394
152,Noah Nartey,Bröndby IF,superliga,Denmark,21,Midfield,1154.0,4.0,3.0,0.312,0.234,15000000.0,83.38007470481082
153,Oskar Pietuszewski,FC Porto,liga-portugal,Portugal,18,Attack,820.0,3.0,4.0,0.329,0.439,25000000.0,83.33723017516911
154,William Gomes,FC Porto,liga-portugal,Portugal,20,Attack,1167.0,8.0,1.0,0.617,0.077,25000000.0,83.1580853529897
155,Rome-Jayden Owusu-Oduro,AZ Alkmaar,eredivisie,Netherlands,22,Goalkeeper,2052.0,0.0,1.0,0.0,0.044,6000000.0,83.14805540072827
156,José Marsà,KV Mechelen,jupiler-pro-league,Belgium,24,Defender,1699.0,1.0,3.0,0.053,0.159,3500000.0,83.12987310925747
157,Diogo Travassos,Moreirense FC,liga-portugal,Portugal,22,Defender,2436.0,5.0,3.0,0.185,0.111,6000000.0,82.99801462134039
158,Konstantinos Karetsas,KRC Genk,jupiler-pro-league,Belgium,19,Midfield,1940.0,0.0,11.0,0.0,0.51,35000000.0,82.77750365404178
159,Mahamadou Doumbia,Royal Antwerp FC,jupiler-pro-league,Belgium,22,Midfield,529.0,2.0,1.0,0.34,0.17,9000000.0,82.7577671560975
160,Steve Ngoura,Cercle Brugge,jupiler-pro-league,Belgium,21,Attack,1831.0,4.0,5.0,0.197,0.246,5000000.0,82.52444395995312
161,Elías Ólafsson,FC Midtjylland,superliga,Denmark,26,Goalkeeper,1620.0,0.0,0.0,0.0,0.0,3000000.0,82.50667637252559
162,Roggerio Nyakossi,Oud-Heverlee Leuven,jupiler-pro-league,Belgium,22,Defender,1530.0,3.0,0.0,0.176,0.0,5000000.0,82.47248183362753
163,Hyeon-gyu Oh,Beşiktaş Jimnastik Kulübü,super-lig,Türkiye,25,Attack,1088.0,6.0,3.0,0.496,0.248,15000000.0,82.28419306782271
164,Pau Víctor,SC Braga,liga-portugal,Portugal,25,Attack,2269.0,10.0,4.0,0.397,0.159,15000000.0,82.2497733844109
165,Yassir Zabiri,FC Famalicão,liga-portugal,Portugal,21,Attack,660.0,4.0,0.0,0.545,0.0,9000000.0,82.13938794748495
166,Artem Stepanov,FC Utrecht,eredivisie,Netherlands,19,Attack,817.0,4.0,1.0,0.441,0.11,5000000.0,82.11681184028264
167,Lucas Rosa,Ajax Amsterdam,eredivisie,Netherlands,26,Defender,2145.0,0.0,0.0,0.0,0.0,5000000.0,82.0441505657493
168,Christos Mouzakitis,Olympiakos Syndesmos Filathlon Peiraios,super-league-1,Greece,20,Midfield,1084.0,1.0,2.0,0.083,0.166,25000000.0,82.02898532039634
169,Maas Willemsen,SC Heerenveen,eredivisie,Netherlands,23,Defender,2559.0,1.0,0.0,0.035,0.0,4500000.0,81.97154023981206
170,Geny Catamo,Sporting CP,liga-portugal,Portugal,25,Attack,1954.0,6.0,4.0,0.276,0.184,25000000.0,81.72081636698233
171,Abbosbek Fayzullaev,Basaksehir FK,super-lig,Türkiye,23,Attack,1109.0,3.0,5.0,0.243,0.406,7000000.0,81.66575114945107
172,Quinten Timber,Feyenoord Rotterdam,eredivisie,Netherlands,25,Midfield,1317.0,2.0,4.0,0.137,0.273,25000000.0,81.65764656641372
173,Emin Bayram,KVC Westerlo,jupiler-pro-league,Belgium,23,Defender,2592.0,3.0,2.0,0.104,0.069,4000000.0,81.60775170257581
174,Sidiki Chérif,Fenerbahce,super-lig,Türkiye,20,Attack,645.0,2.0,0.0,0.279,0.0,18000000.0,81.52881431737492
175,Vitezslav Jaros,Ajax Amsterdam,eredivisie,Netherlands,25,Goalkeeper,1710.0,0.0,0.0,0.0,0.0,5000000.0,81.48782317441125
176,Thérence Koudou,KV Mechelen,jupiler-pro-league,Belgium,22,Defender,2229.0,4.0,1.0,0.162,0.04,4000000.0,81.44910254296047
177,Nacho Ferri,KVC Westerlo,jupiler-pro-league,Belgium,22,Attack,2238.0,7.0,4.0,0.282,0.161,6000000.0,81.43848421290184
178,Rodrigo Pinheiro,FC Famalicão,liga-portugal,Portugal,24,Defender,2572.0,3.0,2.0,0.105,0.07,5000000.0,81.43622785052126
179,Isak Jensen,AZ Alkmaar,eredivisie,Netherlands,23,Attack,2045.0,2.0,5.0,0.088,0.22,5000000.0,81.33148906593995
180,Rodrigo Mora,FC Porto,liga-portugal,Portugal,19,Midfield,1179.0,1.0,1.0,0.076,0.076,38000000.0,81.28623065557066
181,Taishi Brandon Nozawa,Royal Antwerp FC,jupiler-pro-league,Belgium,24,Goalkeeper,1845.0,0.0,0.0,0.0,0.0,3500000.0,81.23647132353551
182,Hyllarion Goore,KAA Gent,jupiler-pro-league,Belgium,21,Attack,1132.0,5.0,3.0,0.398,0.239,4000000.0,81.15259068774576
183,Joseph Opoku,Zulte Waregem,jupiler-pro-league,Belgium,21,Attack,2033.0,5.0,5.0,0.221,0.221,4500000.0,81.15240531325223
184,Bryan Reynolds,KVC Westerlo,jupiler-pro-league,Belgium,25,Defender,2594.0,2.0,1.0,0.069,0.035,3500000.0,80.98732196706362
185,Rihito Yamamoto,Sint-Truidense VV,jupiler-pro-league,Belgium,25,Midfield,2514.0,5.0,6.0,0.179,0.215,7000000.0,80.90249156836613
186,Adem Zorgane,Union Saint-Gilloise,jupiler-pro-league,Belgium,26,Midfield,2198.0,2.0,4.0,0.082,0.164,12000000.0,80.88885088148021
187,Felipe Augusto,Trabzonspor,super-lig,Türkiye,22,Attack,2202.0,13.0,0.0,0.531,0.0,15000000.0,80.59770050651801
188,Noah Saviolo,Vitória Guimarães SC,liga-portugal,Portugal,22,Attack,1961.0,2.0,5.0,0.092,0.229,10000000.0,80.50999394736475
189,Demir Ege Tıknaz,SC Braga,liga-portugal,Portugal,22,Midfield,462.0,0.0,1.0,0.0,0.195,8000000.0,80.44805730564244
190,Ricardo Pepi,PSV Eindhoven,eredivisie,Netherlands,23,Attack,1415.0,16.0,1.0,1.018,0.064,30000000.0,80.4176608846948
191,Dorgeles Nene,Fenerbahce,super-lig,Türkiye,24,Attack,1466.0,10.0,7.0,0.614,0.43,20000000.0,80.39692641003201
192,Bertuğ Yıldırım,Basaksehir FK,super-lig,Türkiye,24,Attack,554.0,7.0,2.0,1.137,0.325,7000000.0,80.33778601494268
193,Chissumba,FC Alverca,liga-portugal,Portugal,21,Defender,1510.0,0.0,0.0,0.0,0.0,5000000.0,80.06543384821934
194,Victor Bak,FC Midtjylland,superliga,Denmark,23,Defender,1604.0,1.0,2.0,0.056,0.112,4000000.0,79.9732990621628
195,Robin Mirisola,KRC Genk,jupiler-pro-league,Belgium,20,Attack,828.0,3.0,3.0,0.326,0.326,4000000.0,79.9381364814622
196,Rein Van Helden,Sint-Truidense VV,jupiler-pro-league,Belgium,24,Defender,1712.0,1.0,0.0,0.053,0.0,3000000.0,79.84451017857855
197,Felix Bacher,GD Estoril Praia,liga-portugal,Portugal,26,Defender,3060.0,2.0,0.0,0.059,0.0,6000000.0,79.83588441139526
198,Timon Wellenreuther,Feyenoord Rotterdam,eredivisie,Netherlands,31,Goalkeeper,2970.0,0.0,0.0,0.0,0.0,5000000.0,79.77744775736117
199,André Gomes,FC Alverca,liga-portugal,Portugal,22,Goalkeeper,2250.0,0.0,0.0,0.0,0.0,3000000.0,79.55371967889685
200,Moussa Ndiaye,RSC Anderlecht,jupiler-pro-league,Belgium,24,Defender,970.0,0.0,0.0,0.0,0.0,4000000.0,79.48165559740058
201,Anthony Dennis,Göztepe,super-lig,Türkiye,22,Midfield,2474.0,3.0,0.0,0.109,0.0,8000000.0,79.36983626202758
202,Yaimar Medina,KRC Genk,jupiler-pro-league,Belgium,22,Defender,1136.0,0.0,1.0,0.0,0.079,4000000.0,79.31986890297016
203,Rodrigo Huescas,FC Copenhagen,superliga,Denmark,23,Defender,804.0,0.0,4.0,0.0,0.448,6000000.0,79.2309972045899
204,Marvin Young,Sparta Rotterdam,eredivisie,Netherlands,21,Defender,2970.0,0.0,1.0,0.0,0.03,5000000.0,79.21420646792448
205,Yllan Okou,RAAL La Louvière,jupiler-pro-league,Belgium,24,Defender,2170.0,1.0,0.0,0.041,0.0,2000000.0,79.1421532844497
206,Ayase Ueda,Feyenoord Rotterdam,eredivisie,Netherlands,28,Attack,2534.0,25.0,2.0,0.888,0.071,17000000.0,79.1237733386813
207,Jhon Durán,Fenerbahce,super-lig,Türkiye,23,Attack,543.0,3.0,3.0,0.497,0.497,15000000.0,79.03206371871607
208,Raul Florucz,Union Saint-Gilloise,jupiler-pro-league,Belgium,25,Attack,1105.0,7.0,3.0,0.57,0.244,4000000.0,78.95704637114476
209,Fedde Leysen,Union Saint-Gilloise,jupiler-pro-league,Belgium,23,Defender,1594.0,1.0,1.0,0.056,0.056,3500000.0,78.95659693355381
210,Thomas Jørgensen,Viborg FF,superliga,Denmark,21,Midfield,1742.0,3.0,7.0,0.155,0.362,5000000.0,78.9473408886524
211,Santiago Hezze,Olympiakos Syndesmos Filathlon Peiraios,super-league-1,Greece,25,Midfield,1400.0,0.0,0.0,0.0,0.0,14000000.0,78.84980145784894
212,Oumar Diakité,Cercle Brugge,jupiler-pro-league,Belgium,23,Attack,1105.0,3.0,2.0,0.244,0.163,5000000.0,78.84091070628439
213,Lucas Hey,RSC Anderlecht,jupiler-pro-league,Belgium,23,Defender,2018.0,0.0,0.0,0.0,0.0,2500000.0,78.83412967628288
214,Deniz Gül,FC Porto,liga-portugal,Portugal,22,Attack,1171.0,5.0,1.0,0.384,0.077,5000000.0,78.78514608684918
215,Justin de Haas,FC Famalicão,liga-portugal,Portugal,26,Defender,2790.0,5.0,0.0,0.161,0.0,7000000.0,78.7818859175006
216,Bernt Klaverboer,SC Heerenveen,eredivisie,Netherlands,21,Goalkeeper,2610.0,0.0,0.0,0.0,0.0,3000000.0,78.77866881903343
217,Juho Lähteenmäki,FC Nordsjaelland,superliga,Denmark,20,Defender,1381.0,1.0,2.0,0.065,0.13,4500000.0,78.6612916297038
218,Sven Mijnans,AZ Alkmaar,eredivisie,Netherlands,26,Midfield,2351.0,11.0,6.0,0.421,0.23,15000000.0,78.64686670793667
219,Leandro Barreiro,SL Benfica,liga-portugal,Portugal,26,Midfield,1750.0,3.0,5.0,0.154,0.257,18000000.0,78.62242180053599
220,Kristjan Asllani,Beşiktaş Jimnastik Kulübü,super-lig,Türkiye,24,Midfield,901.0,2.0,2.0,0.2,0.2,12000000.0,78.56676141390543
221,Rosen Bozhinov,Royal Antwerp FC,jupiler-pro-league,Belgium,21,Defender,1279.0,1.0,0.0,0.07,0.0,4000000.0,78.55067561200124
222,Christiaan Ravych,Cercle Brugge,jupiler-pro-league,Belgium,24,Defender,2213.0,0.0,1.0,0.0,0.041,2500000.0,78.53763227988554
223,Gabriel Pereira,FC Copenhagen,superliga,Denmark,26,Defender,1765.0,1.0,0.0,0.051,0.0,6000000.0,78.39833581046881
224,Hugo Siquet,Club Brugge KV,jupiler-pro-league,Belgium,24,Defender,657.0,0.0,1.0,0.0,0.137,4000000.0,78.26484380528439
225,Kayne van Oevelen,FC Volendam,eredivisie,Netherlands,23,Goalkeeper,2851.0,0.0,0.0,0.0,0.0,2000000.0,78.20045380961264
226,Samu Aghehowa,FC Porto,liga-portugal,Portugal,22,Attack,1413.0,13.0,1.0,0.828,0.064,45000000.0,78.13681790333564
227,Youri Regeer,Ajax Amsterdam,eredivisie,Netherlands,23,Midfield,1697.0,0.0,3.0,0.0,0.159,5000000.0,78.11503974372302
228,Cezary Miszta,Rio Ave FC,liga-portugal,Portugal,25,Goalkeeper,1890.0,0.0,0.0,0.0,0.0,5000000.0,78.0745120887016
229,Archie Brown,Fenerbahce,super-lig,Türkiye,24,Defender,1535.0,3.0,3.0,0.176,0.176,12000000.0,78.0566066097249
230,Matties Volckaert,KAA Gent,jupiler-pro-league,Belgium,24,Defender,1505.0,0.0,0.0,0.0,0.0,2000000.0,77.93056207002184
231,Kristian Arnstad,Aarhus GF,superliga,Denmark,23,Attack,1728.0,9.0,3.0,0.469,0.156,6000000.0,77.77956699612767
232,Thijmen Blokzijl,FC Groningen,eredivisie,Netherlands,21,Defender,3047.0,1.0,1.0,0.03,0.03,4000000.0,77.63016554043327
233,Ilay Camara,RSC Anderlecht,jupiler-pro-league,Belgium,23,Defender,1009.0,1.0,1.0,0.089,0.089,3500000.0,77.60645403466488
234,Gonzalo Crettaz,NEC Nijmegen,eredivisie,Netherlands,26,Goalkeeper,2790.0,0.0,0.0,0.0,0.0,4000000.0,77.32874374836037
235,Arda Okan Kurtulan,Göztepe,super-lig,Türkiye,24,Midfield,2439.0,4.0,3.0,0.148,0.111,7000000.0,77.29932367141751
236,Lushendry Martes,Sparta Rotterdam,eredivisie,Netherlands,18,Defender,941.0,0.0,0.0,0.0,0.0,3000000.0,77.2608100803443
237,Ko Itakura,Ajax Amsterdam,eredivisie,Netherlands,29,Defender,1344.0,1.0,0.0,0.067,0.0,8000000.0,77.25386931819384
238,Costinha,Olympiakos Syndesmos Filathlon Peiraios,super-league-1,Greece,26,Defender,1331.0,0.0,0.0,0.0,0.0,7000000.0,77.23275108133768
239,Henry Lawrence,Standard Liège,jupiler-pro-league,Belgium,25,Defender,1668.0,1.0,0.0,0.054,0.0,4000000.0,77.0605494511832
240,Youssoufa Moukoko,FC Copenhagen,superliga,Denmark,22,Attack,824.0,3.0,1.0,0.328,0.109,5000000.0,77.05464017838933
241,Santino Andino,Panathinaikos Athlitikos Omilos,super-league-1,Greece,21,Midfield,565.0,1.0,1.0,0.159,0.159,6000000.0,77.0490421107985
242,Yanis Begraoui,GD Estoril Praia,liga-portugal,Portugal,25,Attack,2726.0,20.0,2.0,0.66,0.066,12000000.0,76.96707156820867
243,Marco Kana,RSC Anderlecht,jupiler-pro-league,Belgium,24,Defender,1472.0,0.0,0.0,0.0,0.0,3000000.0,76.92255456585822
244,Moncef Zekri,KV Mechelen,jupiler-pro-league,Belgium,18,Defender,830.0,0.0,0.0,0.0,0.0,4000000.0,76.85572467924199
245,Jakub Moder,Feyenoord Rotterdam,eredivisie,Netherlands,27,Midfield,803.0,1.0,1.0,0.112,0.112,10000000.0,76.84309886114059
246,Pablo,Gil Vicente FC,liga-portugal,Portugal,22,Attack,954.0,10.0,1.0,0.943,0.094,18000000.0,76.81290492310173
247,Eric Kahl,Aarhus GF,superliga,Denmark,25,Defender,1852.0,0.0,0.0,0.0,0.0,3000000.0,76.74776401114684
248,Giannis Michailidis,Panthessalonikios Athlitikos Omilos Konstantinoupoliton,super-league-1,Greece,26,Defender,1167.0,0.0,0.0,0.0,0.0,4000000.0,76.6789053911463
249,Mihajlo Ilić,RSC Anderlecht,jupiler-pro-league,Belgium,23,Defender,708.0,0.0,0.0,0.0,0.0,2000000.0,76.60594454021127
250,Guilherme Smith,Union Saint-Gilloise,jupiler-pro-league,Belgium,23,Attack,830.0,2.0,2.0,0.217,0.217,4000000.0,76.59403857533646
251,Marvin Elimbi,Gil Vicente FC,liga-portugal,Portugal,23,Defender,2432.0,0.0,0.0,0.0,0.0,4000000.0,76.57372004668237
252,Alexander Lind,FC Nordsjaelland,superliga,Denmark,24,Attack,923.0,5.0,4.0,0.488,0.39,5000000.0,76.57122998807047
253,Mattéo Guendouzi,Fenerbahce,super-lig,Türkiye,27,Midfield,1320.0,1.0,1.0,0.068,0.068,27000000.0,76.50984199747315
254,Couhaib Driouech,PSV Eindhoven,eredivisie,Netherlands,24,Attack,946.0,4.0,6.0,0.381,0.571,7500000.0,76.4430974867801
255,Ángel Alarcón,FC Utrecht,eredivisie,Netherlands,22,Attack,971.0,3.0,3.0,0.278,0.278,6000000.0,76.44156320483432
256,Taiga Hata,Sint-Truidense VV,jupiler-pro-league,Belgium,24,Defender,2014.0,0.0,4.0,0.0,0.179,2500000.0,76.40153310234754
257,Maestro,Alanyaspor,super-lig,Türkiye,23,Midfield,1425.0,1.0,1.0,0.063,0.063,7000000.0,76.315835070022
258,Gustav Mortensen,Standard Liège,jupiler-pro-league,Belgium,22,Defender,839.0,0.0,0.0,0.0,0.0,3000000.0,76.30727125598469
259,Denil Castillo,FC Midtjylland,superliga,Denmark,22,Midfield,1271.0,4.0,5.0,0.283,0.354,7000000.0,76.29985875320672
260,Georgios Vagiannidis,Sporting CP,liga-portugal,Portugal,25,Defender,1279.0,0.0,4.0,0.0,0.281,8000000.0,76.27948307276061
261,Wilfried Singo,Galatasaray,super-lig,Türkiye,26,Defender,949.0,2.0,2.0,0.19,0.19,23000000.0,76.26840514790979
262,Lewin Blum,Royal Charleroi Sporting Club,jupiler-pro-league,Belgium,25,Defender,1129.0,0.0,1.0,0.0,0.08,2000000.0,76.24601643585603
263,Tochukwu Nnadi,Zulte Waregem,jupiler-pro-league,Belgium,23,Midfield,1418.0,0.0,1.0,0.0,0.063,4500000.0,76.24279747626419
264,Orkun Kökçü,Beşiktaş Jimnastik Kulübü,super-lig,Türkiye,26,Midfield,2485.0,8.0,10.0,0.29,0.362,25000000.0,76.23408960621254
265,Emirhan Topçu,Beşiktaş Jimnastik Kulübü,super-lig,Türkiye,26,Defender,1742.0,1.0,0.0,0.052,0.0,7000000.0,76.17547902042028
266,Ümit Akdağ,Alanyaspor,super-lig,Türkiye,23,Defender,2624.0,1.0,2.0,0.034,0.069,6000000.0,76.1054430529899
267,Francisco Moura,FC Porto,liga-portugal,Portugal,27,Defender,1320.0,2.0,2.0,0.136,0.136,9000000.0,76.04793050964788
268,Christos Tzolis,Club Brugge KV,jupiler-pro-league,Belgium,24,Attack,2172.0,9.0,13.0,0.373,0.539,40000000.0,76.04625436295211
269,Pedro Bravo,FC Midtjylland,superliga,Denmark,22,Midfield,1151.0,0.0,0.0,0.0,0.0,3500000.0,76.01344881019978
270,Jorne Spileers,Club Brugge KV,jupiler-pro-league,Belgium,21,Defender,1123.0,0.0,0.0,0.0,0.0,3000000.0,75.93046470980391
271,Yoann Cathline,FC Utrecht,eredivisie,Netherlands,24,Attack,1893.0,3.0,4.0,0.143,0.19,6000000.0,75.91018350069918
272,Gabriel Silva,CD Santa Clara,liga-portugal,Portugal,24,Attack,2245.0,6.0,0.0,0.241,0.0,7000000.0,75.86870970760184
273,Amin Chiakha,Vejle Boldklub,superliga,Denmark,20,Attack,976.0,2.0,0.0,0.184,0.0,3500000.0,75.84914487749133
274,Adriano Bertaccini,RSC Anderlecht,jupiler-pro-league,Belgium,26,Attack,1182.0,3.0,2.0,0.228,0.152,4000000.0,75.84051623434088
275,Edan Diop,Cercle Brugge,jupiler-pro-league,Belgium,22,Midfield,2227.0,5.0,1.0,0.202,0.04,3000000.0,75.77077729824364
276,Miguel Rodríguez,FC Utrecht,eredivisie,Netherlands,23,Attack,1350.0,3.0,0.0,0.2,0.0,4500000.0,75.76548697943235
277,İsmail Yüksek,Fenerbahce,super-lig,Türkiye,27,Midfield,1764.0,1.0,2.0,0.051,0.102,15000000.0,75.71486937373568
278,Bouke Boersma,KV Mechelen,jupiler-pro-league,Belgium,21,Attack,622.0,0.0,2.0,0.0,0.289,2500000.0,75.71151342338207
279,Kevin Rodríguez,Union Saint-Gilloise,jupiler-pro-league,Belgium,26,Attack,1164.0,8.0,1.0,0.619,0.077,6000000.0,75.59883101779884
280,Aiham Ousou,Royal Charleroi Sporting Club,jupiler-pro-league,Belgium,26,Defender,2495.0,2.0,0.0,0.072,0.0,3000000.0,75.59404582190629
281,Xander Dierckx,Royal Antwerp FC,jupiler-pro-league,Belgium,17,Midfield,758.0,0.0,0.0,0.0,0.0,3000000.0,75.59341448831584
282,Bernardo,CD Tondela,liga-portugal,Portugal,24,Goalkeeper,3060.0,0.0,0.0,0.0,0.0,5000000.0,75.57846694728327
283,Chibuike Nwaiwu,Trabzonspor,super-lig,Türkiye,23,Defender,1310.0,3.0,1.0,0.206,0.069,10000000.0,75.48438701946588
284,Mamadou Diakhon,Club Brugge KV,jupiler-pro-league,Belgium,21,Attack,777.0,0.0,7.0,0.0,0.811,7000000.0,75.41594791629757
285,Tommy St. Jago,KV Mechelen,jupiler-pro-league,Belgium,26,Defender,1683.0,0.0,1.0,0.0,0.053,2000000.0,75.26229140365228
286,Léo Realpe,FC Famalicão,liga-portugal,Portugal,25,Defender,1697.0,1.0,1.0,0.053,0.053,5000000.0,75.25459586299137
287,Jacob Ambæk,Bröndby IF,superliga,Denmark,18,Attack,950.0,3.0,0.0,0.284,0.0,4000000.0,75.10346294905692
288,Mauricio Benítez,Royal Antwerp FC,jupiler-pro-league,Belgium,22,Midfield,1096.0,3.0,0.0,0.246,0.0,2500000.0,75.10184470375837
289,Jari De Busser,Go Ahead Eagles,eredivisie,Netherlands,27,Goalkeeper,3060.0,0.0,0.0,0.0,0.0,4000000.0,74.57395423522301
290,Tristan Degreef,RSC Anderlecht,jupiler-pro-league,Belgium,21,Attack,1070.0,3.0,2.0,0.252,0.168,3000000.0,74.53498429100345
291,Andrew,Gil Vicente FC,liga-portugal,Portugal,25,Goalkeeper,1496.0,0.0,0.0,0.0,0.0,5000000.0,74.52560555682155
292,Myron van Brederode,KV Mechelen,jupiler-pro-league,Belgium,23,Attack,1953.0,7.0,3.0,0.323,0.138,4500000.0,74.48122483411125
293,Yiğit Efe Demir,Fenerbahce,super-lig,Türkiye,22,Defender,672.0,0.0,0.0,0.0,0.0,6000000.0,74.45998660743679
294,Louis Patris,Union Saint-Gilloise,jupiler-pro-league,Belgium,25,Defender,857.0,0.0,1.0,0.0,0.105,2500000.0,74.32859384158476
295,Gabriel Sara,Galatasaray,super-lig,Türkiye,27,Midfield,1840.0,5.0,4.0,0.245,0.196,27000000.0,74.32289233726698
296,Tobias Bech,Aarhus GF,superliga,Denmark,24,Attack,1835.0,10.0,3.0,0.49,0.147,4500000.0,74.32082305937712
297,Robin Østrøm,Silkeborg IF,superliga,Denmark,24,Defender,1772.0,0.0,0.0,0.0,0.0,2000000.0,74.17676212052376
298,Georgiy Sudakov,SL Benfica,liga-portugal,Portugal,24,Midfield,1422.0,4.0,2.0,0.253,0.127,25000000.0,74.16713714706287
299,Rui Silva,Sporting CP,liga-portugal,Portugal,32,Goalkeeper,2880.0,0.0,0.0,0.0,0.0,7000000.0,74.1251256890639
300,Kaique Pereira,CD Nacional,liga-portugal,Portugal,23,Goalkeeper,2520.0,0.0,0.0,0.0,0.0,2000000.0,74.08523075990425
301,Killian Sardella,RSC Anderlecht,jupiler-pro-league,Belgium,24,Defender,1585.0,0.0,1.0,0.0,0.057,2500000.0,73.95415710574103
302,David van der Werff,FC Groningen,eredivisie,Netherlands,22,Attack,2062.0,3.0,2.0,0.131,0.087,2000000.0,73.93675457234627
303,Tobias Lawal,KRC Genk,jupiler-pro-league,Belgium,26,Goalkeeper,1620.0,0.0,0.0,0.0,0.0,2000000.0,73.84411168386026
304,Noah Adedeji-Sternberg,KRC Genk,jupiler-pro-league,Belgium,21,Attack,738.0,1.0,0.0,0.122,0.0,4000000.0,73.80047194414146
305,Ernest Muci,Trabzonspor,super-lig,Türkiye,25,Midfield,1802.0,11.0,4.0,0.549,0.2,11000000.0,73.73233770659054
306,Adrian Barisic,SC Braga,liga-portugal,Portugal,25,Defender,452.0,0.0,0.0,0.0,0.0,4000000.0,73.59581240562214
307,Han-beom Lee,FC Midtjylland,superliga,Denmark,24,Defender,1479.0,0.0,1.0,0.0,0.061,3000000.0,73.54461465109402
308,Maksim Paskotsi,KAA Gent,jupiler-pro-league,Belgium,23,Defender,1813.0,4.0,2.0,0.199,0.099,3500000.0,73.51799629482389
309,Noah Markmann,FC Nordsjaelland,superliga,Denmark,19,Defender,1556.0,0.0,0.0,0.0,0.0,2500000.0,73.38963088007714
310,Mads Enggård,Vejle Boldklub,superliga,Denmark,22,Midfield,967.0,0.0,1.0,0.0,0.093,2500000.0,73.28409445767942
311,Gijs Smal,Feyenoord Rotterdam,eredivisie,Netherlands,29,Defender,876.0,0.0,2.0,0.0,0.205,5500000.0,73.25789148912015
312,Brayan Medina,CD Tondela,liga-portugal,Portugal,24,Defender,2199.0,0.0,1.0,0.0,0.041,3000000.0,73.24033819096584
313,Mees de Wit,AZ Alkmaar,eredivisie,Netherlands,28,Defender,2487.0,3.0,6.0,0.109,0.217,6000000.0,73.1940981131327
314,Benjamin Tahirović,Bröndby IF,superliga,Denmark,23,Midfield,1040.0,1.0,1.0,0.087,0.087,4500000.0,73.01369450185636
315,Joël Drommel,Sparta Rotterdam,eredivisie,Netherlands,30,Goalkeeper,3060.0,0.0,0.0,0.0,0.0,4000000.0,72.99628259048909
316,Ilias Sebaoui,Sint-Truidense VV,jupiler-pro-league,Belgium,25,Attack,2504.0,4.0,3.0,0.144,0.108,3500000.0,72.97312633313634
317,Fotis Ioannidis,Sporting CP,liga-portugal,Portugal,26,Attack,456.0,3.0,0.0,0.592,0.0,16000000.0,72.95804531141664
318,William Clem,FC Copenhagen,superliga,Denmark,22,Midfield,559.0,0.0,0.0,0.0,0.0,3500000.0,72.88956134521663
319,Junnosuke Suzuki,FC Copenhagen,superliga,Denmark,23,Defender,897.0,1.0,0.0,0.1,0.0,3500000.0,72.87123070981667
320,Ibrahim Karamoko,Standard Liège,jupiler-pro-league,Belgium,25,Defender,1510.0,1.0,0.0,0.06,0.0,3000000.0,72.71725042890988
321,Filip Bundgaard,Bröndby IF,superliga,Denmark,22,Attack,1039.0,4.0,1.0,0.346,0.087,2500000.0,72.69768484540626
322,Étienne Camara,Royal Charleroi Sporting Club,jupiler-pro-league,Belgium,23,Midfield,2353.0,1.0,3.0,0.038,0.115,4000000.0,72.6847911421004
323,Ayoub Oufkir,Sparta Rotterdam,eredivisie,Netherlands,20,Attack,703.0,1.0,2.0,0.128,0.256,3000000.0,72.63450682090446
324,Julius Berthel Askou,Odense Boldklub,superliga,Denmark,20,Defender,1311.0,0.0,0.0,0.0,0.0,2500000.0,72.63116696231016
325,André Luiz,Rio Ave FC,liga-portugal,Portugal,24,Attack,1501.0,7.0,6.0,0.42,0.36,6000000.0,72.58999861028131
326,Shola Shoretire,PEC Zwolle,eredivisie,Netherlands,22,Attack,1652.0,5.0,1.0,0.272,0.054,2000000.0,72.508920766607
327,Mateo Chávez,AZ Alkmaar,eredivisie,Netherlands,22,Defender,826.0,1.0,2.0,0.109,0.218,4000000.0,72.50238568734278
328,Laurits Pedersen,Randers FC,superliga,Denmark,20,Midfield,980.0,0.0,0.0,0.0,0.0,1000000.0,72.49676895194419
329,Mohamed Koné,Royal Charleroi Sporting Club,jupiler-pro-league,Belgium,24,Goalkeeper,810.0,0.0,0.0,0.0,0.0,2000000.0,72.49345395119842
330,Daniel Bragança,Sporting CP,liga-portugal,Portugal,27,Midfield,505.0,6.0,0.0,1.069,0.0,12000000.0,72.46341648324312
331,Weslley Patati,AZ Alkmaar,eredivisie,Netherlands,23,Attack,1448.0,2.0,4.0,0.124,0.249,4500000.0,72.37616694021172
332,El Bilal Touré,Beşiktaş Jimnastik Kulübü,super-lig,Türkiye,25,Attack,1648.0,5.0,5.0,0.273,0.273,13000000.0,72.31787574338409
333,Ali Maamar,RSC Anderlecht,jupiler-pro-league,Belgium,21,Defender,896.0,0.0,0.0,0.0,0.0,2500000.0,72.28445029795817
334,Taichi Fukui,FC Arouca,liga-portugal,Portugal,22,Midfield,2531.0,4.0,3.0,0.142,0.107,5000000.0,72.19628074692152
335,Francisco Ortega,Olympiakos Syndesmos Filathlon Peiraios,super-league-1,Greece,27,Defender,1338.0,1.0,3.0,0.067,0.202,7000000.0,72.1850159176093
336,Leonardo Lelo,SC Braga,liga-portugal,Portugal,26,Defender,1838.0,0.0,4.0,0.0,0.196,6000000.0,72.06304687828482
337,Sem Steijn,Feyenoord Rotterdam,eredivisie,Netherlands,25,Midfield,1108.0,7.0,2.0,0.569,0.162,11000000.0,72.04201140913169
338,Dennis Man,PSV Eindhoven,eredivisie,Netherlands,28,Attack,1496.0,7.0,7.0,0.421,0.421,15000000.0,72.01530451920928
339,Bryan Heynen,KRC Genk,jupiler-pro-league,Belgium,29,Midfield,2592.0,4.0,1.0,0.139,0.035,8000000.0,71.99783754564008
340,Borja Sainz,FC Porto,liga-portugal,Portugal,25,Attack,1602.0,5.0,3.0,0.281,0.169,20000000.0,71.98091080425898
341,Bjorn Meijer,Club Brugge KV,jupiler-pro-league,Belgium,23,Defender,895.0,1.0,2.0,0.101,0.201,3000000.0,71.97159774823733
342,Olti Hyseni,Sönderjyske Fodbold,superliga,Denmark,19,Attack,955.0,2.0,2.0,0.188,0.188,2500000.0,71.9266774853829
343,Christian Marques,CD Tondela,liga-portugal,Portugal,23,Defender,2716.0,0.0,0.0,0.0,0.0,2000000.0,71.91043619309023
344,Jesurun Rak-Sakyi,Caykur Rizespor,super-lig,Türkiye,24,Attack,817.0,4.0,1.0,0.441,0.11,6000000.0,71.81727942310005
345,Emmanuel Kakou,Cercle Brugge,jupiler-pro-league,Belgium,21,Defender,1428.0,2.0,1.0,0.126,0.063,2000000.0,71.81341356132613
346,Tetê,Panathinaikos Athlitikos Omilos,super-league-1,Greece,26,Attack,1128.0,2.0,3.0,0.16,0.239,9000000.0,71.78682392247896
347,Marcus Linday,SC Heerenveen,eredivisie,Netherlands,23,Midfield,2308.0,1.0,3.0,0.039,0.117,5000000.0,71.77848620530979
348,Pape Moussa Fall,RAAL La Louvière,jupiler-pro-league,Belgium,22,Attack,1311.0,8.0,1.0,0.549,0.069,3500000.0,71.7739798496175
349,Gabri Veiga,FC Porto,liga-portugal,Portugal,24,Midfield,1623.0,3.0,9.0,0.166,0.499,30000000.0,71.71162256254799
350,Davinson Sánchez,Galatasaray,super-lig,Türkiye,30,Defender,2425.0,1.0,0.0,0.037,0.0,16000000.0,71.68960980160763
351,Clement Bischoff,Bröndby IF,superliga,Denmark,21,Attack,480.0,1.0,2.0,0.188,0.375,3000000.0,71.54102104521147
352,Aaron Bouwman,Ajax Amsterdam,eredivisie,Netherlands,19,Defender,553.0,1.0,0.0,0.163,0.0,3500000.0,71.49446994442808
353,Guus Til,PSV Eindhoven,eredivisie,Netherlands,29,Midfield,2247.0,14.0,5.0,0.561,0.2,15000000.0,71.41436204749976
354,Alan Minda,Cercle Brugge,jupiler-pro-league,Belgium,23,Attack,969.0,3.0,3.0,0.279,0.279,3000000.0,71.29683638385188
355,Panagiotis Retsos,Olympiakos Syndesmos Filathlon Peiraios,super-league-1,Greece,28,Defender,1730.0,2.0,0.0,0.104,0.0,7000000.0,71.25518160276712
356,Anouar Ait El Hadj,Union Saint-Gilloise,jupiler-pro-league,Belgium,24,Midfield,1963.0,0.0,2.0,0.0,0.092,5000000.0,71.23362497728165
357,Mert Müldür,Fenerbahce,super-lig,Türkiye,27,Defender,1214.0,1.0,2.0,0.074,0.148,7000000.0,71.11188036077142
358,Tibe De Vlieger,KAA Gent,jupiler-pro-league,Belgium,21,Midfield,786.0,0.0,1.0,0.0,0.115,3000000.0,71.02738414881969
359,Louis Patris,Sint-Truidense VV,jupiler-pro-league,Belgium,25,Defender,519.0,0.0,2.0,0.0,0.347,2500000.0,71.00304037413153
360,Luis Binks,Bröndby IF,superliga,Denmark,25,Defender,1530.0,1.0,1.0,0.059,0.059,3500000.0,70.87011383834627
361,Doğucan Haspolat,KVC Westerlo,jupiler-pro-league,Belgium,26,Midfield,2610.0,0.0,4.0,0.0,0.138,5000000.0,70.85526763091467
362,Parfait Guiagon,Royal Charleroi Sporting Club,jupiler-pro-league,Belgium,25,Attack,2084.0,8.0,5.0,0.345,0.216,5000000.0,70.85386224913937
363,Gabri Martínez,SC Braga,liga-portugal,Portugal,23,Attack,1321.0,1.0,5.0,0.068,0.341,7000000.0,70.77426696087662
364,Junior Olaitan,Göztepe,super-lig,Türkiye,24,Midfield,907.0,2.0,0.0,0.198,0.0,7000000.0,70.76001750731983
365,Lazar Carević,FC Famalicão,liga-portugal,Portugal,27,Goalkeeper,3060.0,0.0,0.0,0.0,0.0,5000000.0,70.7490734444594
366,Anselmo García MacNulty,PEC Zwolle,eredivisie,Netherlands,23,Defender,2845.0,2.0,0.0,0.063,0.0,1500000.0,70.67168078872874
367,Owen Wijndal,Ajax Amsterdam,eredivisie,Netherlands,27,Defender,1356.0,1.0,1.0,0.066,0.066,3000000.0,70.65897241537212
368,Ousseynou Niang,Union Saint-Gilloise,jupiler-pro-league,Belgium,25,Midfield,1370.0,2.0,5.0,0.131,0.328,6000000.0,70.64890720307575
369,Allahyar Sayyadmanesh,KVC Westerlo,jupiler-pro-league,Belgium,25,Attack,1776.0,5.0,4.0,0.253,0.203,3500000.0,70.6485741939983
370,Theo Sander,Odense Boldklub,superliga,Denmark,21,Goalkeeper,450.0,0.0,0.0,0.0,0.0,1000000.0,70.56310052537047
371,Arthur Piedfort,KVC Westerlo,jupiler-pro-league,Belgium,21,Midfield,2246.0,2.0,3.0,0.08,0.12,4000000.0,70.50935819052356
372,Vasilios Barkas,FC Utrecht,eredivisie,Netherlands,32,Goalkeeper,2925.0,0.0,0.0,0.0,0.0,3000000.0,70.3540589213636
373,Youssef En-Nesyri,Fenerbahce,super-lig,Türkiye,29,Attack,1008.0,7.0,0.0,0.625,0.0,17000000.0,70.34230223291965
374,Matisse Didden,FC Utrecht,eredivisie,Netherlands,25,Defender,1887.0,2.0,0.0,0.095,0.0,3000000.0,70.07757787829304
375,Thomas van den Belt,FC Twente Enschede,eredivisie,Netherlands,25,Midfield,2193.0,5.0,1.0,0.205,0.041,4500000.0,70.05384083522993
376,Anthony Musaba,Fenerbahce,super-lig,Türkiye,26,Attack,849.0,1.0,4.0,0.106,0.424,7000000.0,70.04805779089185
377,Marcus McCoy,Odense Boldklub,superliga,Denmark,21,Defender,819.0,0.0,1.0,0.0,0.11,700000.0,70.04451628294395
378,Novatus Miroshi,Göztepe,super-lig,Türkiye,24,Midfield,2256.0,2.0,2.0,0.08,0.08,5000000.0,69.85719192308278
379,Diego Rodrigues,SC Braga,liga-portugal,Portugal,21,Midfield,849.0,1.0,3.0,0.106,0.318,5000000.0,69.81599382065265
380,Kristian Hlynsson,FC Twente Enschede,eredivisie,Netherlands,22,Midfield,2572.0,10.0,4.0,0.35,0.14,6000000.0,69.80695157435656
381,Adnane Abid,Standard Liège,jupiler-pro-league,Belgium,23,Attack,1313.0,2.0,1.0,0.137,0.069,2500000.0,69.75335426237461
382,Uchenna Ogundu,Alanyaspor,super-lig,Türkiye,20,Attack,987.0,2.0,2.0,0.182,0.182,4000000.0,69.6620178329858
383,Valdemar Byskov,FC Midtjylland,superliga,Denmark,21,Midfield,622.0,5.0,2.0,0.723,0.289,2200000.0,69.6107852134592
384,Vasilios Zagaritis,SC Heerenveen,eredivisie,Netherlands,25,Defender,2816.0,2.0,3.0,0.064,0.096,3000000.0,69.56948716710764
385,Naves,FC Alverca,liga-portugal,Portugal,24,Defender,2835.0,2.0,0.0,0.063,0.0,4000000.0,69.48410046714305
386,Tom van de Looi,FC Famalicão,liga-portugal,Portugal,27,Midfield,2753.0,0.0,0.0,0.0,0.0,5000000.0,69.34943217579355
387,Jarne Steuckers,KRC Genk,jupiler-pro-league,Belgium,24,Attack,1376.0,0.0,6.0,0.0,0.392,5000000.0,69.31145036639917
388,Justin Janssen,FC Nordsjaelland,superliga,Denmark,20,Midfield,828.0,2.0,2.0,0.217,0.217,1500000.0,69.26994856709686
389,Robert,FC Copenhagen,superliga,Denmark,21,Attack,813.0,2.0,1.0,0.221,0.111,2500000.0,69.17516527994056
390,Srdjan Kuzmic,Viborg FF,superliga,Denmark,22,Defender,1210.0,3.0,1.0,0.223,0.074,2000000.0,69.15436446635913
391,Mathis Servais,KV Mechelen,jupiler-pro-league,Belgium,22,Midfield,1928.0,2.0,3.0,0.093,0.14,4000000.0,69.14633340047439
392,Noah Mbamba,FCV Dender EH,jupiler-pro-league,Belgium,21,Midfield,2432.0,1.0,2.0,0.037,0.074,2000000.0,69.09521161932031
393,Rafiki Saïd,Standard Liège,jupiler-pro-league,Belgium,26,Attack,2000.0,5.0,3.0,0.225,0.135,5000000.0,69.01226567107346
394,Yunus Akgün,Galatasaray,super-lig,Türkiye,26,Attack,1824.0,7.0,11.0,0.345,0.543,18000000.0,68.95358453728002
395,Tiago Djaló,Beşiktaş Jimnastik Kulübü,super-lig,Türkiye,26,Defender,1463.0,2.0,0.0,0.123,0.0,7000000.0,68.82703480311642
396,Younes Taha,FC Groningen,eredivisie,Netherlands,24,Attack,2699.0,5.0,10.0,0.167,0.333,4000000.0,68.69541688812407
397,Andrés Ferrari,Sint-Truidense VV,jupiler-pro-league,Belgium,23,Attack,864.0,3.0,1.0,0.313,0.104,2200000.0,68.64713558445135
398,Jovan Mijatovic,Oud-Heverlee Leuven,jupiler-pro-league,Belgium,21,Attack,724.0,0.0,1.0,0.0,0.124,2200000.0,68.63941621730586
399,Aral Şimşir,FC Midtjylland,superliga,Denmark,24,Attack,1342.0,8.0,13.0,0.537,0.872,10000000.0,68.53003006651173
400,Tiago Araújo,KAA Gent,jupiler-pro-league,Belgium,25,Defender,1800.0,1.0,5.0,0.05,0.25,2500000.0,68.38487637191115
401,Ismail Jakobs,Galatasaray,super-lig,Türkiye,27,Defender,1299.0,0.0,1.0,0.0,0.069,8000000.0,68.32315238046297
402,Stefan Lekovic,CF Estrela Amadora,liga-portugal,Portugal,22,Defender,783.0,2.0,0.0,0.23,0.0,2500000.0,68.28939216151213
403,Dimitrios Chatsidis,Panthessalonikios Athlitikos Omilos Konstantinoupoliton,super-league-1,Greece,20,Attack,644.0,3.0,3.0,0.419,0.419,1200000.0,68.2100212505081
404,Tim Jabol-Folcarelli,Trabzonspor,super-lig,Türkiye,27,Midfield,2330.0,0.0,3.0,0.0,0.116,7000000.0,68.18469095982648
405,Anthony Musaba,Samsunspor,super-lig,Türkiye,26,Attack,1175.0,4.0,2.0,0.306,0.153,7000000.0,68.02346757949957
406,Anass Zaroury,Panathinaikos Athlitikos Omilos,super-league-1,Greece,26,Attack,1421.0,4.0,3.0,0.253,0.19,7000000.0,67.84788607140771
407,Yaya Bojang,Odense Boldklub,superliga,Denmark,22,Defender,927.0,0.0,1.0,0.0,0.097,800000.0,67.8269106886656
408,Siebe Horemans,FC Utrecht,eredivisie,Netherlands,28,Defender,1724.0,0.0,1.0,0.0,0.052,3000000.0,67.67082772368875
409,Isa Sakamoto,KVC Westerlo,jupiler-pro-league,Belgium,23,Midfield,2395.0,4.0,4.0,0.15,0.15,4000000.0,67.65224972532948
410,Rayane Bounida,Ajax Amsterdam,eredivisie,Netherlands,20,Midfield,828.0,1.0,5.0,0.109,0.543,5000000.0,67.44927345173411
411,Monchu,Aris Thessalonikis,super-league-1,Greece,27,Midfield,1557.0,1.0,1.0,0.058,0.058,5000000.0,67.42694846458552
412,Ro-Zangelo Daal,AZ Alkmaar,eredivisie,Netherlands,22,Attack,1357.0,1.0,0.0,0.066,0.0,3000000.0,67.23095245019947
413,Pelle Mattsson,Silkeborg IF,superliga,Denmark,25,Midfield,477.0,0.0,0.0,0.0,0.0,3000000.0,67.20287583099233
414,Tony Strata,Vitória Guimarães SC,liga-portugal,Portugal,22,Defender,1404.0,1.0,1.0,0.064,0.064,2000000.0,67.16905063410826
415,Andreas Tetteh,Athlitiki Enosi Kifisias,super-league-1,Greece,25,Attack,1247.0,4.0,4.0,0.289,0.289,4000000.0,67.11753743543255
416,Junior Olaitan,Beşiktaş Jimnastik Kulübü,super-lig,Türkiye,24,Midfield,1196.0,2.0,2.0,0.151,0.151,7000000.0,67.07499727233368
417,Loïc Mbe Soh,Sint-Truidense VV,jupiler-pro-league,Belgium,25,Defender,625.0,1.0,0.0,0.144,0.0,2000000.0,67.0673655652874
418,Sacha Boey,Galatasaray,super-lig,Türkiye,26,Defender,560.0,1.0,0.0,0.161,0.0,10000000.0,67.03600702578834
419,Tammy Abraham,Beşiktaş Jimnastik Kulübü,super-lig,Türkiye,29,Attack,1255.0,7.0,1.0,0.502,0.072,18000000.0,66.90149764620915
420,Milan Smit,Go Ahead Eagles,eredivisie,Netherlands,23,Attack,1362.0,6.0,2.0,0.396,0.132,2000000.0,66.88923435118758
421,Luan Patrick,CF Estrela Amadora,liga-portugal,Portugal,24,Defender,2685.0,0.0,0.0,0.0,0.0,2000000.0,66.82356179143001
422,Adrian Blake,FC Utrecht,eredivisie,Netherlands,21,Attack,971.0,2.0,2.0,0.185,0.185,2000000.0,66.81964801619682
423,Yahia Fofana,Caykur Rizespor,super-lig,Türkiye,26,Goalkeeper,2430.0,0.0,1.0,0.0,0.037,5000000.0,66.75178819100329
424,Giulian Biancone,Olympiakos Syndesmos Filathlon Peiraios,super-league-1,Greece,26,Defender,910.0,0.0,0.0,0.0,0.0,2500000.0,66.69315755285957
425,Fredrik Hammar,KV Mechelen,jupiler-pro-league,Belgium,25,Midfield,2488.0,1.0,1.0,0.036,0.036,3000000.0,66.66401972372537
426,Barış Alper Yılmaz,Galatasaray,super-lig,Türkiye,26,Attack,2318.0,8.0,12.0,0.311,0.466,30000000.0,66.60695876471854
427,Tobias Lauritsen,Vejle Boldklub,superliga,Denmark,22,Midfield,921.0,0.0,1.0,0.0,0.098,800000.0,66.50951212196773
428,Andreas Tetteh,Panathinaikos Athlitikos Omilos,super-league-1,Greece,25,Attack,723.0,4.0,4.0,0.498,0.498,4000000.0,66.4903050270241
429,Kasper Boogaard,AZ Alkmaar,eredivisie,Netherlands,20,Midfield,711.0,0.0,2.0,0.0,0.253,2500000.0,66.4853879153079
430,Alexander Bah,SL Benfica,liga-portugal,Portugal,29,Defender,474.0,2.0,0.0,0.38,0.0,7000000.0,66.48502185990499
431,Josimar Alcócer,KVC Westerlo,jupiler-pro-league,Belgium,22,Attack,1963.0,3.0,3.0,0.138,0.138,3000000.0,66.44708373479223
432,Ross Sykes,Union Saint-Gilloise,jupiler-pro-league,Belgium,27,Defender,1813.0,3.0,1.0,0.149,0.05,4500000.0,66.32768337350542
433,Benjamin Bouchouari,Trabzonspor,super-lig,Türkiye,25,Midfield,613.0,0.0,0.0,0.0,0.0,4500000.0,66.30315820528268
434,Martin Delavallée,Royal Charleroi Sporting Club,jupiler-pro-league,Belgium,22,Goalkeeper,1890.0,0.0,0.0,0.0,0.0,1500000.0,66.26889916386048
435,Hugo Vetlesen,Club Brugge KV,jupiler-pro-league,Belgium,26,Midfield,670.0,2.0,2.0,0.269,0.269,5000000.0,66.26435052342993
436,Casper Widell,Excelsior Rotterdam,eredivisie,Netherlands,23,Defender,3054.0,1.0,1.0,0.029,0.029,1500000.0,66.18656047089691
437,Jorg Schreuders,FC Groningen,eredivisie,Netherlands,22,Attack,2830.0,1.0,3.0,0.032,0.095,1700000.0,66.16408615410225
438,Kacper Kozlowski,Gaziantep FK,super-lig,Türkiye,23,Midfield,2653.0,6.0,3.0,0.204,0.102,6000000.0,66.16142559216908
439,Daan Rots,FC Twente Enschede,eredivisie,Netherlands,25,Attack,2370.0,9.0,4.0,0.342,0.152,5000000.0,66.15531380611878
440,In-beom Hwang,Feyenoord Rotterdam,eredivisie,Netherlands,30,Midfield,984.0,1.0,3.0,0.091,0.274,7000000.0,66.1352562355044
441,Tom de Graaff,PEC Zwolle,eredivisie,Netherlands,22,Goalkeeper,2790.0,0.0,0.0,0.0,0.0,1000000.0,65.9919757455915
442,Giannis Konstantelias,Panthessalonikios Athlitikos Omilos Konstantinoupoliton,super-league-1,Greece,23,Midfield,1153.0,7.0,2.0,0.546,0.156,22000000.0,65.95305231735728
443,Lasse Nordås,SC Heerenveen,eredivisie,Netherlands,24,Attack,857.0,6.0,2.0,0.63,0.21,3500000.0,65.92020225930179
444,Luis Vázquez,RSC Anderlecht,jupiler-pro-league,Belgium,25,Attack,693.0,2.0,1.0,0.26,0.13,2500000.0,65.86509904429415
445,Nikolas Sattlberger,KRC Genk,jupiler-pro-league,Belgium,22,Midfield,839.0,0.0,1.0,0.0,0.107,2200000.0,65.75623610801722
446,Mads Bech Sørensen,FC Midtjylland,superliga,Denmark,27,Defender,1725.0,2.0,2.0,0.104,0.104,6000000.0,65.44887573192706
447,Mikel Gogorza,FC Midtjylland,superliga,Denmark,20,Attack,546.0,2.0,0.0,0.33,0.0,3000000.0,65.31562922246955
448,Pedro Chirivella,Panathinaikos Athlitikos Omilos,super-league-1,Greece,29,Midfield,1419.0,0.0,0.0,0.0,0.0,5000000.0,65.27960695507824
449,Valdemar Lund,Vejle Boldklub,superliga,Denmark,23,Defender,703.0,0.0,0.0,0.0,0.0,900000.0,65.23235755466638
450,Tygo Land,FC Groningen,eredivisie,Netherlands,20,Midfield,1525.0,3.0,1.0,0.177,0.059,2500000.0,65.22918369745307
451,Pepê,FC Porto,liga-portugal,Portugal,29,Attack,2244.0,3.0,4.0,0.12,0.16,17000000.0,65.10524901043595
452,Anosike Ementa,Zulte Waregem,jupiler-pro-league,Belgium,24,Attack,2156.0,3.0,4.0,0.125,0.167,2500000.0,64.87483400978107
453,Runar Norheim,FC Nordsjaelland,superliga,Denmark,21,Defender,601.0,3.0,0.0,0.449,0.0,2200000.0,64.84334510971318
454,Pablo Rosario,FC Porto,liga-portugal,Portugal,29,Midfield,1364.0,2.0,1.0,0.132,0.066,8000000.0,64.8278594359166
455,Ramiz Zerrouki,FC Twente Enschede,eredivisie,Netherlands,28,Midfield,2667.0,3.0,2.0,0.101,0.067,6500000.0,64.82503810158993
456,Nikolas Dyhr,Randers FC,superliga,Denmark,25,Defender,1911.0,1.0,2.0,0.047,0.094,2500000.0,64.79549098038571
457,Thom van Bergen,FC Groningen,eredivisie,Netherlands,22,Attack,2977.0,9.0,5.0,0.272,0.151,3000000.0,64.63067849152398
458,Francisco Trincão,Sporting CP,liga-portugal,Portugal,27,Midfield,2857.0,7.0,13.0,0.221,0.41,40000000.0,64.5623978180345
459,Ringo Meerveld,SC Heerenveen,eredivisie,Netherlands,24,Midfield,2444.0,6.0,3.0,0.221,0.11,5000000.0,64.2826990004958
460,Emran Soglo,Zulte Waregem,jupiler-pro-league,Belgium,21,Defender,1038.0,0.0,3.0,0.0,0.26,700000.0,64.28196032513833
461,Mads Freundlich,Silkeborg IF,superliga,Denmark,23,Midfield,1164.0,0.0,0.0,0.0,0.0,1500000.0,63.974155877885785
462,Christopher Scott,Royal Antwerp FC,jupiler-pro-league,Belgium,24,Midfield,1328.0,2.0,1.0,0.136,0.068,2200000.0,63.93087734925438
463,Emmanuel Agbadou,Beşiktaş Jimnastik Kulübü,super-lig,Türkiye,29,Defender,1090.0,1.0,1.0,0.083,0.083,16000000.0,63.856182570559405
464,Alban Lafont,Panathinaikos Athlitikos Omilos,super-league-1,Greece,27,Goalkeeper,1395.0,0.0,0.0,0.0,0.0,3000000.0,63.81661559739218
465,Nick Verschuren,FC Volendam,eredivisie,Netherlands,21,Defender,2676.0,0.0,1.0,0.0,0.034,1000000.0,63.68568712364898
466,Sikou Niakaté,SC Braga,liga-portugal,Portugal,27,Defender,939.0,0.0,1.0,0.0,0.096,6000000.0,63.62251114222571
467,Max Dean,KAA Gent,jupiler-pro-league,Belgium,22,Attack,680.0,6.0,1.0,0.794,0.132,2500000.0,63.49411685680009
468,Diogo Nascimento,Olympiakos Syndesmos Filathlon Peiraios,super-league-1,Greece,24,Midfield,968.0,1.0,2.0,0.093,0.186,4000000.0,63.48203471402042
469,Rodrigo Zalazar,SC Braga,liga-portugal,Portugal,27,Midfield,1944.0,16.0,5.0,0.741,0.231,30000000.0,63.45509088540959
470,Cedric Hatenboer,SC Telstar,eredivisie,Netherlands,21,Midfield,1146.0,0.0,3.0,0.0,0.236,2000000.0,63.200647211120945
471,Rafik Guitane,GD Estoril Praia,liga-portugal,Portugal,27,Attack,1837.0,3.0,5.0,0.147,0.245,5000000.0,63.17316264648804
472,Etienne Vaessen,FC Groningen,eredivisie,Netherlands,31,Goalkeeper,2513.0,0.0,1.0,0.0,0.036,2500000.0,63.090267249275854
473,Yari Verschaeren,RSC Anderlecht,jupiler-pro-league,Belgium,25,Midfield,855.0,0.0,1.0,0.0,0.105,3000000.0,63.02108018195145
474,Oğuz Aydın,Fenerbahce,super-lig,Türkiye,26,Attack,642.0,0.0,3.0,0.0,0.421,7000000.0,63.01985093099947
475,David Datro Fofana,Fatih Karagümrük,super-lig,Türkiye,24,Attack,983.0,6.0,0.0,0.549,0.0,4000000.0,62.988895183766594
476,Yannick Leliendal,FC Volendam,eredivisie,Netherlands,24,Defender,2746.0,1.0,1.0,0.033,0.033,1000000.0,62.89269224736124
477,Orbelín Pineda,Athlitiki Enosi Konstantinoupoleos,super-league-1,Greece,30,Midfield,1982.0,4.0,1.0,0.182,0.045,7000000.0,62.88433842457151
478,Harold Moukoudi,Athlitiki Enosi Konstantinoupoleos,super-league-1,Greece,29,Defender,1718.0,2.0,0.0,0.105,0.0,6000000.0,62.8807395325202
479,Mario Stroeykens,RSC Anderlecht,jupiler-pro-league,Belgium,22,Midfield,668.0,1.0,0.0,0.135,0.0,4500000.0,62.817792190990765
480,Adrian Benedyczak,Kasimpasa,super-lig,Türkiye,26,Attack,1166.0,10.0,1.0,0.772,0.077,5000000.0,62.651282655594585
481,Charles Vanhoutte,Union Saint-Gilloise,jupiler-pro-league,Belgium,28,Midfield,450.0,0.0,1.0,0.0,0.2,7000000.0,62.645341372025364
482,Aymen Sliti,Feyenoord Rotterdam,eredivisie,Netherlands,20,Attack,472.0,1.0,0.0,0.191,0.0,2000000.0,62.6247984713802
483,Stavro Pilo,Athlitiki Enosi Konstantinoupoleos,super-league-1,Greece,26,Defender,1242.0,0.0,2.0,0.0,0.145,2000000.0,62.28230470790862
484,Matija Mitrović,Vitória Guimarães SC,liga-portugal,Portugal,22,Midfield,703.0,2.0,0.0,0.256,0.0,2000000.0,62.231997454988154
485,Kazeem Olaigbe,Konyaspor,super-lig,Türkiye,23,Attack,951.0,0.0,0.0,0.0,0.0,4000000.0,62.20690195501204
486,Pedro Álvaro,Aris Thessalonikis,super-league-1,Greece,26,Defender,1350.0,1.0,0.0,0.067,0.0,2000000.0,62.159461145674925
487,Jerry Afriyie,RAAL La Louvière,jupiler-pro-league,Belgium,20,Attack,2049.0,5.0,1.0,0.22,0.044,1200000.0,62.09134665827851
488,Dinis Pinto,Moreirense FC,liga-portugal,Portugal,26,Defender,2013.0,1.0,6.0,0.045,0.268,3000000.0,62.087633879561864
489,Fabio Ferraro,FCV Dender EH,jupiler-pro-league,Belgium,24,Defender,2532.0,1.0,3.0,0.036,0.107,1200000.0,62.059043929149624
490,Gonçalo Borges,Feyenoord Rotterdam,eredivisie,Netherlands,25,Attack,453.0,2.0,1.0,0.397,0.199,3000000.0,62.012926613985975
491,Mateja Stjepanović,Moreirense FC,liga-portugal,Portugal,22,Midfield,2412.0,1.0,0.0,0.037,0.0,3000000.0,61.808173687177934
492,Raúl Moro,Ajax Amsterdam,eredivisie,Netherlands,24,Attack,562.0,0.0,1.0,0.0,0.16,3500000.0,61.806266413015074
493,Maxence Rivera,SC Heerenveen,eredivisie,Netherlands,24,Attack,2060.0,4.0,5.0,0.175,0.218,3000000.0,61.45958792789267
494,Kian Fitz-Jim,Ajax Amsterdam,eredivisie,Netherlands,23,Midfield,516.0,1.0,0.0,0.174,0.0,3000000.0,61.40135343757358
495,Marcus Bundgaard,Sönderjyske Fodbold,superliga,Denmark,25,Goalkeeper,1770.0,0.0,1.0,0.0,0.051,850000.0,61.38430240968113
496,Milan Škriniar,Fenerbahce,super-lig,Türkiye,31,Defender,2115.0,2.0,0.0,0.085,0.0,10000000.0,61.36770578847764
497,Griffin Yow,KVC Westerlo,jupiler-pro-league,Belgium,24,Attack,658.0,3.0,0.0,0.41,0.0,2000000.0,61.32665724852703
498,Pedro Gonçalves,Sporting CP,liga-portugal,Portugal,28,Attack,1995.0,13.0,8.0,0.586,0.361,25000000.0,61.27590451060508
499,Marius Mouandilmadji,Samsunspor,super-lig,Türkiye,28,Attack,2050.0,10.0,4.0,0.439,0.176,7000000.0,61.26336965120582
500,Nacho Miras,KV Mechelen,jupiler-pro-league,Belgium,29,Goalkeeper,2250.0,0.0,0.0,0.0,0.0,3500000.0,61.18150082640197
501,Fredrik Aursnes,SL Benfica,liga-portugal,Portugal,31,Midfield,2294.0,3.0,3.0,0.118,0.118,15000000.0,61.165359126819915
502,Mats Köhlert,Bröndby IF,superliga,Denmark,28,Defender,1099.0,0.0,2.0,0.0,0.164,3500000.0,61.14810212891872
503,Gustavo Varela,Gil Vicente FC,liga-portugal,Portugal,21,Attack,1522.0,6.0,3.0,0.355,0.177,3000000.0,61.07859054334004
504,Sorriso,FC Famalicão,liga-portugal,Portugal,25,Attack,2804.0,5.0,4.0,0.16,0.128,5000000.0,61.072785793428565
505,Philip Brittijn,Fortuna Sittardia Combinatie,eredivisie,Netherlands,22,Midfield,2408.0,4.0,1.0,0.15,0.037,1600000.0,61.01231651087915
506,Gilberto Batista,Moreirense FC,liga-portugal,Portugal,23,Defender,1933.0,0.0,0.0,0.0,0.0,1500000.0,60.98290069635948
507,Ryan Fosso,Fortuna Sittardia Combinatie,eredivisie,Netherlands,24,Midfield,1513.0,0.0,1.0,0.0,0.059,2000000.0,60.94264218999125
508,Ersin Destanoğlu,Beşiktaş Jimnastik Kulübü,super-lig,Türkiye,25,Goalkeeper,2250.0,0.0,0.0,0.0,0.0,4000000.0,60.910574156084316
509,Joshua Kitolano,Sparta Rotterdam,eredivisie,Netherlands,25,Midfield,2633.0,5.0,2.0,0.171,0.068,2500000.0,60.85148349623899
510,Michal Skoras,KAA Gent,jupiler-pro-league,Belgium,26,Attack,1793.0,2.0,7.0,0.1,0.351,4000000.0,60.821954417788184
511,Tika de Jonge,FC Groningen,eredivisie,Netherlands,23,Midfield,2051.0,3.0,1.0,0.132,0.044,1800000.0,60.6576492269373
512,Levent Mercan,Fenerbahce,super-lig,Türkiye,26,Defender,1161.0,0.0,3.0,0.0,0.233,5000000.0,60.65041590366227
513,MT,CD Santa Clara,liga-portugal,Portugal,25,Defender,751.0,1.0,0.0,0.12,0.0,3500000.0,60.59671283746868
514,Tristan Gooijer,PEC Zwolle,eredivisie,Netherlands,22,Defender,1371.0,3.0,0.0,0.197,0.0,1500000.0,60.56525066192068
515,Oumar Ngom,CF Estrela Amadora,liga-portugal,Portugal,22,Midfield,832.0,0.0,1.0,0.0,0.108,3000000.0,60.56405703953893
516,Enric Llansana,RSC Anderlecht,jupiler-pro-league,Belgium,25,Midfield,1232.0,0.0,2.0,0.0,0.146,2000000.0,60.5052225314701
517,Janderson,Göztepe,super-lig,Türkiye,27,Attack,2478.0,6.0,4.0,0.218,0.145,6000000.0,60.48972755235427
518,Ricard Sánchez,GD Estoril Praia,liga-portugal,Portugal,26,Defender,1981.0,2.0,4.0,0.091,0.182,3000000.0,60.48362486668296
519,Jordan Lotomba,Feyenoord Rotterdam,eredivisie,Netherlands,28,Defender,921.0,0.0,2.0,0.0,0.195,3500000.0,60.32342523298356
520,Nelson Abbey,Rio Ave FC,liga-portugal,Portugal,23,Defender,2091.0,0.0,1.0,0.0,0.043,1500000.0,60.219344269130644
521,Jakob Breum,Go Ahead Eagles,eredivisie,Netherlands,23,Midfield,2041.0,6.0,6.0,0.265,0.265,5000000.0,60.17922592460832
522,Max Ejdum,Odense Boldklub,superliga,Denmark,22,Midfield,1250.0,1.0,3.0,0.072,0.216,2000000.0,60.164736700845964
523,Lorenzo Scipioni,Olympiakos Syndesmos Filathlon Peiraios,super-league-1,Greece,22,Midfield,668.0,0.0,0.0,0.0,0.0,3500000.0,60.12030959621508
524,Jakob Jessen,FC Fredericia,superliga,Denmark,22,Defender,1678.0,0.0,3.0,0.0,0.161,800000.0,60.11792269409752
525,Kerem Aktürkoğlu,Fenerbahce,super-lig,Türkiye,28,Attack,1959.0,8.0,7.0,0.368,0.322,20000000.0,60.06118593950846
526,Kasper Dolberg,Ajax Amsterdam,eredivisie,Netherlands,29,Attack,1094.0,3.0,3.0,0.247,0.247,7000000.0,60.013687183663514
527,Victor Osimhen,Galatasaray,super-lig,Türkiye,28,Attack,1713.0,15.0,5.0,0.788,0.263,75000000.0,59.9422667615201
528,Noé Lebreton,NEC Nijmegen,eredivisie,Netherlands,22,Midfield,1432.0,5.0,4.0,0.314,0.251,4000000.0,59.80087659261768
529,Pedro Bondo,FC Famalicão,liga-portugal,Portugal,22,Defender,1178.0,0.0,0.0,0.0,0.0,2000000.0,59.762484852221654
530,Clayton,Rio Ave FC,liga-portugal,Portugal,27,Attack,1602.0,10.0,4.0,0.562,0.225,6000000.0,59.66039814794713
531,Luc Marijnissen,FCV Dender EH,jupiler-pro-league,Belgium,23,Defender,2520.0,1.0,0.0,0.036,0.0,1500000.0,59.59847638373736
532,Edson Álvarez,Fenerbahce,super-lig,Türkiye,29,Midfield,768.0,0.0,1.0,0.0,0.117,15000000.0,59.55368222670492
533,Mathis Suray,Go Ahead Eagles,eredivisie,Netherlands,25,Attack,2603.0,12.0,2.0,0.415,0.069,3500000.0,59.52027684803238
534,Uğurcan Çakır,Galatasaray,super-lig,Türkiye,30,Goalkeeper,2250.0,0.0,0.0,0.0,0.0,15000000.0,59.374626158638385
535,Mathias Løvik,Trabzonspor,super-lig,Türkiye,23,Defender,646.0,0.0,2.0,0.0,0.279,4000000.0,59.35479521032988
536,Matisse Samoise,KAA Gent,jupiler-pro-league,Belgium,25,Midfield,1374.0,2.0,2.0,0.131,0.131,2500000.0,59.31608931891339
537,Bruny Nsimba,FCV Dender EH,jupiler-pro-league,Belgium,26,Attack,1730.0,8.0,4.0,0.416,0.208,2500000.0,59.22794586725868
538,Mady Camara,Panthessalonikios Athlitikos Omilos Konstantinoupoliton,super-league-1,Greece,29,Midfield,563.0,0.0,0.0,0.0,0.0,5000000.0,59.189768798597164
539,Beni Mukendi,Vitória Guimarães SC,liga-portugal,Portugal,24,Midfield,2246.0,1.0,1.0,0.04,0.04,4000000.0,59.112544813521886
540,Taha Altıkardeş,Göztepe,super-lig,Türkiye,23,Defender,1378.0,1.0,0.0,0.065,0.0,4000000.0,59.099739811102616
541,Ayoni Santos,Sparta Rotterdam,eredivisie,Netherlands,21,Midfield,1571.0,1.0,1.0,0.057,0.057,2000000.0,59.0734606525391
542,Djibril Lamego,RAAL La Louvière,jupiler-pro-league,Belgium,23,Defender,2148.0,0.0,0.0,0.0,0.0,1500000.0,59.07326832575516
543,Vaclav Cerny,Beşiktaş Jimnastik Kulübü,super-lig,Türkiye,29,Attack,2008.0,5.0,8.0,0.224,0.359,7000000.0,59.0343120656295
544,Frederik Alves,Bröndby IF,superliga,Denmark,27,Defender,1232.0,0.0,0.0,0.0,0.0,2800000.0,58.946318585826695
545,Hjalte Bidstrup,Viborg FF,superliga,Denmark,20,Defender,1058.0,1.0,2.0,0.085,0.17,1200000.0,58.76200575305855
546,Robin van Cruijsen,FC Volendam,eredivisie,Netherlands,20,Midfield,1355.0,4.0,3.0,0.266,0.199,1200000.0,58.75945877865918
547,Cherrion Valerius,NAC Breda,eredivisie,Netherlands,21,Defender,1834.0,0.0,2.0,0.0,0.098,650000.0,58.718828271129084
548,Wilfred Ndidi,Beşiktaş Jimnastik Kulübü,super-lig,Türkiye,30,Midfield,2000.0,2.0,1.0,0.09,0.045,8000000.0,58.650838090699594
549,Shunsuke Mito,Sparta Rotterdam,eredivisie,Netherlands,24,Attack,1873.0,7.0,5.0,0.336,0.24,2000000.0,58.56744218686143
550,Sidny Lopes Cabral,CF Estrela Amadora,liga-portugal,Portugal,24,Defender,1324.0,5.0,3.0,0.34,0.204,4000000.0,58.539613640232155
551,Gonçalo Nogueira,Vitória Guimarães SC,liga-portugal,Portugal,23,Midfield,1345.0,0.0,4.0,0.0,0.268,4000000.0,58.495328862685184
552,Precious Ugwu,FC Volendam,eredivisie,Netherlands,20,Defender,2171.0,0.0,0.0,0.0,0.0,500000.0,58.306221826107894
553,Anthony Valencia,Royal Antwerp FC,jupiler-pro-league,Belgium,23,Attack,672.0,4.0,0.0,0.536,0.0,1800000.0,58.29755866552047
554,Roland Sallai,Galatasaray,super-lig,Türkiye,29,Defender,2354.0,1.0,4.0,0.038,0.153,14000000.0,58.26196906318856
555,Mike Themsen,Randers FC,superliga,Denmark,20,Midfield,1258.0,0.0,2.0,0.0,0.143,800000.0,58.24726229642716
556,Carlo Holse,Samsunspor,super-lig,Türkiye,27,Midfield,2610.0,8.0,4.0,0.276,0.138,7000000.0,57.93605878901275
557,Leroy Sané,Galatasaray,super-lig,Türkiye,30,Attack,2288.0,7.0,5.0,0.275,0.197,20000000.0,57.83015421404352
558,Marcos López,FC Copenhagen,superliga,Denmark,27,Defender,1357.0,1.0,2.0,0.066,0.133,4000000.0,57.61471190283227
559,Noa Lang,Galatasaray,super-lig,Türkiye,27,Attack,704.0,0.0,3.0,0.0,0.384,22000000.0,57.47370351456802
560,Semm Renders,Royal Antwerp FC,jupiler-pro-league,Belgium,19,Defender,606.0,0.0,0.0,0.0,0.0,1200000.0,57.40455383171354
561,Rıdvan Yılmaz,Beşiktaş Jimnastik Kulübü,super-lig,Türkiye,25,Defender,2088.0,0.0,1.0,0.0,0.043,5000000.0,57.171765003787
562,Facundo Cáseres,Gil Vicente FC,liga-portugal,Portugal,25,Midfield,2200.0,0.0,0.0,0.0,0.0,2500000.0,57.11749805309342
563,Villum Berthelsen,FC Nordsjaelland,superliga,Denmark,20,Attack,853.0,0.0,0.0,0.0,0.0,800000.0,57.07420188665762
564,Andreas Hansen,FC Nordsjaelland,superliga,Denmark,31,Goalkeeper,1530.0,0.0,0.0,0.0,0.0,1000000.0,56.98541392066767
565,Juanse Rodríguez,CD Tondela,liga-portugal,Portugal,20,Midfield,1979.0,0.0,0.0,0.0,0.0,1000000.0,56.97991758736246
566,Metehan Altunbaş,Eyüpspor,super-lig,Türkiye,23,Attack,1006.0,7.0,1.0,0.626,0.089,2000000.0,56.87273494399013
567,Barış Kalaycı,Fatih Karagümrük,super-lig,Türkiye,21,Attack,1309.0,1.0,3.0,0.069,0.206,1800000.0,56.59502515047007
568,Marley Aké,Zulte Waregem,jupiler-pro-league,Belgium,25,Attack,1233.0,5.0,1.0,0.365,0.073,2500000.0,56.58037025980545
569,Olivier Aertssen,PEC Zwolle,eredivisie,Netherlands,22,Defender,1857.0,0.0,2.0,0.0,0.097,650000.0,56.54205609622044
570,Armando Obispo,PSV Eindhoven,eredivisie,Netherlands,27,Defender,807.0,2.0,0.0,0.223,0.0,4000000.0,56.49856997482583
571,Thomas Strakosha,Athlitiki Enosi Konstantinoupoleos,super-league-1,Greece,31,Goalkeeper,2340.0,0.0,0.0,0.0,0.0,3000000.0,56.47364866925775
572,Gary Magnée,Cercle Brugge,jupiler-pro-league,Belgium,27,Defender,2603.0,4.0,7.0,0.138,0.242,2200000.0,56.46912807244193
573,Pedro Lima,Avs Futebol,liga-portugal,Portugal,23,Midfield,1897.0,4.0,2.0,0.19,0.095,3000000.0,56.31110361630963
574,Jota Silva,Beşiktaş Jimnastik Kulübü,super-lig,Türkiye,27,Attack,575.0,5.0,1.0,0.783,0.157,10000000.0,56.139175425931676
575,Deniz Ertaş,Konyaspor,super-lig,Türkiye,21,Goalkeeper,1075.0,0.0,1.0,0.0,0.084,3500000.0,55.991320265016086
576,Rick van Drongelen,Samsunspor,super-lig,Türkiye,28,Defender,2823.0,2.0,2.0,0.064,0.064,6000000.0,55.8995819381051
577,Ahmed Touba,Panathinaikos Athlitikos Omilos,super-league-1,Greece,28,Defender,1652.0,0.0,0.0,0.0,0.0,2500000.0,55.79533632984975
578,Momodou Sonko,KAA Gent,jupiler-pro-league,Belgium,21,Attack,588.0,0.0,2.0,0.0,0.306,1700000.0,55.457563398399
579,Dodi Lukébakio,SL Benfica,liga-portugal,Portugal,29,Attack,745.0,0.0,5.0,0.0,0.604,15000000.0,55.2038969587411
580,Zé Vítor,CD Nacional,liga-portugal,Portugal,25,Defender,2673.0,4.0,1.0,0.135,0.034,2500000.0,55.20377045982241
581,Gustavo Mancha,Rio Ave FC,liga-portugal,Portugal,22,Defender,1260.0,0.0,0.0,0.0,0.0,1500000.0,55.14591407820378
582,Lasse Flø,Vejle Boldklub,superliga,Denmark,21,Defender,831.0,0.0,0.0,0.0,0.0,750000.0,55.08383692672019
583,Dave Kwakman,FC Volendam,eredivisie,Netherlands,22,Midfield,726.0,0.0,4.0,0.0,0.496,1500000.0,55.0356939952668
584,David Jurásek,Beşiktaş Jimnastik Kulübü,super-lig,Türkiye,26,Defender,637.0,0.0,0.0,0.0,0.0,5000000.0,54.839719063156835
585,Patrick Sequeira,Casa Pia AC,liga-portugal,Portugal,27,Goalkeeper,2528.0,0.0,0.0,0.0,0.0,3500000.0,54.8070170876042
586,Mardochée Nzita,Royal Charleroi Sporting Club,jupiler-pro-league,Belgium,26,Defender,2153.0,0.0,1.0,0.0,0.042,1500000.0,54.77159799847004
587,Botond Balogh,Kocaelispor,super-lig,Türkiye,24,Defender,1657.0,0.0,0.0,0.0,0.0,2500000.0,54.74575048733812
588,Mohamed Cherif Haidara,Sönderjyske Fodbold,superliga,Denmark,21,Midfield,678.0,3.0,1.0,0.398,0.133,600000.0,54.69178375408583
589,Filipe Relvas,Athlitiki Enosi Konstantinoupoleos,super-league-1,Greece,27,Defender,1878.0,1.0,0.0,0.048,0.0,4500000.0,54.50279438843326
590,Noah Ganaus,Odense Boldklub,superliga,Denmark,25,Attack,1753.0,10.0,4.0,0.513,0.205,1500000.0,54.41154585667509
591,Edouard Michut,Fortuna Sittardia Combinatie,eredivisie,Netherlands,23,Midfield,1595.0,0.0,0.0,0.0,0.0,1200000.0,54.40840853196015
592,Lawrence Agyekum,Cercle Brugge,jupiler-pro-league,Belgium,23,Midfield,1806.0,0.0,3.0,0.0,0.15,1500000.0,54.394556262531815
593,Philip Billing,FC Midtjylland,superliga,Denmark,30,Midfield,1166.0,2.0,2.0,0.154,0.154,6000000.0,54.317775676901505
594,Daniel Bielica,NAC Breda,eredivisie,Netherlands,27,Goalkeeper,2970.0,0.0,0.0,0.0,0.0,800000.0,54.30990331939473
595,Lukasz Lakomy,Oud-Heverlee Leuven,jupiler-pro-league,Belgium,25,Midfield,1697.0,3.0,3.0,0.159,0.159,2000000.0,54.26792496942614
596,Matej Sin,AZ Alkmaar,eredivisie,Netherlands,22,Midfield,541.0,1.0,1.0,0.166,0.166,3000000.0,54.142063589487535
597,Patrick Pentz,Bröndby IF,superliga,Denmark,29,Goalkeeper,1785.0,0.0,0.0,0.0,0.0,2200000.0,54.11898709467864
598,Greg Taylor,Panthessalonikios Athlitikos Omilos Konstantinoupoliton,super-league-1,Greece,29,Defender,965.0,0.0,1.0,0.0,0.093,4000000.0,54.05452084790914
599,Chiquinho,FC Alverca,liga-portugal,Portugal,26,Attack,1495.0,2.0,5.0,0.12,0.301,5000000.0,53.79146300872291
600,João Mendes,Vitória Guimarães SC,liga-portugal,Portugal,26,Defender,2441.0,1.0,1.0,0.037,0.037,2500000.0,53.69310962683635
601,Adem Arous,Kasimpasa,super-lig,Türkiye,22,Defender,1672.0,1.0,1.0,0.054,0.054,4000000.0,53.5747954934314
602,Kazeem Olaigbe,Trabzonspor,super-lig,Türkiye,23,Attack,1093.0,0.0,1.0,0.0,0.082,4000000.0,53.53250256644295
603,Figueiredo,FC Alverca,liga-portugal,Portugal,25,Attack,1887.0,6.0,2.0,0.286,0.095,4000000.0,53.4511919261805
604,Jordan Holsgrove,GD Estoril Praia,liga-portugal,Portugal,27,Midfield,2835.0,1.0,8.0,0.032,0.254,5000000.0,53.34130455509971
605,Daan Heymans,KRC Genk,jupiler-pro-league,Belgium,27,Midfield,1649.0,8.0,4.0,0.437,0.218,6000000.0,53.31984858975538
606,Daam Foulon,Royal Antwerp FC,jupiler-pro-league,Belgium,27,Defender,1544.0,0.0,3.0,0.0,0.175,2000000.0,53.26633870433988
607,Melle Meulensteen,Go Ahead Eagles,eredivisie,Netherlands,27,Midfield,2832.0,5.0,2.0,0.159,0.064,2500000.0,53.19800120790622
608,Markus Solbakken,Aarhus GF,superliga,Denmark,26,Midfield,552.0,2.0,0.0,0.326,0.0,2200000.0,53.16520462459078
609,Vasco Sousa,Moreirense FC,liga-portugal,Portugal,23,Midfield,463.0,1.0,0.0,0.194,0.0,2000000.0,53.12426666298414
610,Gabriel Veron,CD Nacional,liga-portugal,Portugal,24,Attack,831.0,1.0,0.0,0.108,0.0,2500000.0,53.08129102908297
611,Sami Jalal,Viborg FF,superliga,Denmark,22,Attack,1390.0,2.0,0.0,0.129,0.0,1500000.0,52.9826194071954
612,Andreas Verstraeten,Royal Antwerp FC,jupiler-pro-league,Belgium,20,Defender,921.0,0.0,1.0,0.0,0.098,1000000.0,52.95970559173821
613,Telmo Arcanjo,Vitória Guimarães SC,liga-portugal,Portugal,25,Attack,1244.0,1.0,0.0,0.072,0.0,3000000.0,52.82757446986853
614,Adamo Nagalo,Konyaspor,super-lig,Türkiye,24,Defender,597.0,0.0,0.0,0.0,0.0,2800000.0,52.70520132740392
615,Hakim Sahabo,Standard Liège,jupiler-pro-league,Belgium,21,Midfield,575.0,0.0,0.0,0.0,0.0,1500000.0,52.669098939189816
616,Aboubakary Koita,Athlitiki Enosi Konstantinoupoleos,super-league-1,Greece,28,Attack,1506.0,2.0,4.0,0.12,0.239,5000000.0,52.489304776940784
617,Abdoul Karim Traoré,Oud-Heverlee Leuven,jupiler-pro-league,Belgium,19,Attack,603.0,0.0,0.0,0.0,0.0,1000000.0,52.38748760267315
618,Ewoud Pletinckx,Oud-Heverlee Leuven,jupiler-pro-league,Belgium,26,Defender,2638.0,3.0,0.0,0.102,0.0,1800000.0,52.324569986553385
619,Malcom Bokele,Göztepe,super-lig,Türkiye,26,Defender,2652.0,3.0,0.0,0.102,0.0,5000000.0,52.27813772718832
620,Daan Dierckx,Standard Liège,jupiler-pro-league,Belgium,23,Defender,1176.0,0.0,0.0,0.0,0.0,1500000.0,52.24284727080109
621,Antoine Joujou,FC Famalicão,liga-portugal,Portugal,23,Attack,573.0,3.0,1.0,0.471,0.157,2000000.0,52.171293580474895
622,Ianis Stoica,CF Estrela Amadora,liga-portugal,Portugal,24,Attack,1674.0,3.0,3.0,0.161,0.161,1500000.0,52.13596221130997
623,Stefán Ingi Sigurdarson,Go Ahead Eagles,eredivisie,Netherlands,25,Attack,637.0,3.0,0.0,0.424,0.0,2000000.0,52.11042254562531
624,Thomas Claes,Zulte Waregem,jupiler-pro-league,Belgium,22,Midfield,2574.0,2.0,1.0,0.07,0.035,1500000.0,52.054535511708124
625,Joseph Nonge,Kocaelispor,super-lig,Türkiye,21,Midfield,1193.0,0.0,0.0,0.0,0.0,2000000.0,51.99444239808451
626,Farouck Adekami,Royal Antwerp FC,jupiler-pro-league,Belgium,20,Midfield,703.0,2.0,2.0,0.256,0.256,1800000.0,51.823476781967706
627,Miguel Nogueira,Vitória Guimarães SC,liga-portugal,Portugal,21,Attack,796.0,1.0,0.0,0.113,0.0,1500000.0,51.80861425111618
628,Yira Sor,KRC Genk,jupiler-pro-league,Belgium,26,Attack,1045.0,4.0,1.0,0.344,0.086,2500000.0,51.709207883931576
629,Igor Vekic,Vejle Boldklub,superliga,Denmark,28,Goalkeeper,1980.0,0.0,0.0,0.0,0.0,500000.0,51.66505813191981
630,Gyan de Regt,Excelsior Rotterdam,eredivisie,Netherlands,23,Attack,2662.0,3.0,8.0,0.101,0.27,900000.0,51.65834092103787
631,Ibrahima Diaby,Cercle Brugge,jupiler-pro-league,Belgium,19,Midfield,647.0,0.0,1.0,0.0,0.139,1500000.0,51.584866497529745
632,Eren Elmalı,Galatasaray,super-lig,Türkiye,26,Defender,1524.0,3.0,0.0,0.177,0.0,5000000.0,51.57313611685703
633,Deveron Fonville,NEC Nijmegen,eredivisie,Netherlands,23,Defender,1458.0,0.0,2.0,0.0,0.123,1500000.0,51.46481050346341
634,Lazaros Rota,Athlitiki Enosi Konstantinoupoleos,super-league-1,Greece,29,Defender,2057.0,0.0,5.0,0.0,0.219,4500000.0,51.23912931007762
635,Otávio,CF Estrela Amadora,liga-portugal,Portugal,21,Defender,1356.0,0.0,1.0,0.0,0.066,1500000.0,51.218786249731465
636,Arthur Zagré,Excelsior Rotterdam,eredivisie,Netherlands,25,Defender,2386.0,4.0,2.0,0.151,0.075,2000000.0,51.1690736405097
637,Hidemasa Morita,Sporting CP,liga-portugal,Portugal,31,Midfield,1834.0,1.0,4.0,0.049,0.196,8000000.0,51.14693069021244
638,Marko Milovanović,FC Alverca,liga-portugal,Portugal,23,Attack,1535.0,9.0,2.0,0.528,0.117,2500000.0,51.094715371343426
639,Espen van Ee,FC Arouca,liga-portugal,Portugal,23,Midfield,1880.0,2.0,1.0,0.096,0.048,1200000.0,50.918235658616354
640,Maxime Delanghe,Cercle Brugge,jupiler-pro-league,Belgium,25,Goalkeeper,1591.0,0.0,0.0,0.0,0.0,1500000.0,50.81588035711253
641,Amando Lapage,KVC Westerlo,jupiler-pro-league,Belgium,22,Defender,945.0,0.0,0.0,0.0,0.0,800000.0,50.80432830110559
642,Kiko,Moreirense FC,liga-portugal,Portugal,24,Defender,1850.0,1.0,0.0,0.049,0.0,1500000.0,50.74913452862989
643,Gora Diouf,KV Mechelen,jupiler-pro-league,Belgium,23,Defender,898.0,1.0,1.0,0.1,0.1,1500000.0,50.742718527936304
644,Andrija Zivkovic,Panthessalonikios Athlitikos Omilos Konstantinoupoliton,super-league-1,Greece,30,Attack,1517.0,2.0,9.0,0.119,0.534,8000000.0,50.737567872319204
645,Bruno Onyemaechi,Olympiakos Syndesmos Filathlon Peiraios,super-league-1,Greece,27,Defender,997.0,0.0,0.0,0.0,0.0,2500000.0,50.61160460668218
646,Mathias Jensen,Bröndby IF,superliga,Denmark,21,Midfield,516.0,0.0,0.0,0.0,0.0,750000.0,50.57418651584864
647,Gibson Yah,FC Volendam,eredivisie,Netherlands,23,Midfield,1665.0,0.0,3.0,0.0,0.162,1300000.0,50.270723760048796
648,Alan Núñez,CD Nacional,liga-portugal,Portugal,22,Defender,1672.0,1.0,2.0,0.054,0.108,1000000.0,50.16050330721497
649,Ederson,Fenerbahce,super-lig,Türkiye,33,Goalkeeper,2132.0,0.0,0.0,0.0,0.0,10000000.0,50.15752455156262
650,Sotiris Kontouris,Panathinaikos Athlitikos Omilos,super-league-1,Greece,21,Midfield,470.0,1.0,0.0,0.191,0.0,1500000.0,49.99584231326427
651,Mads Søndergaard,Viborg FF,superliga,Denmark,24,Midfield,1080.0,5.0,0.0,0.417,0.0,1500000.0,49.992870457709714
652,Stijn van Gassel,Excelsior Rotterdam,eredivisie,Netherlands,30,Goalkeeper,2820.0,0.0,1.0,0.0,0.032,1000000.0,49.886800034740936
653,Neville Ogidi Nwankwo,SC Telstar,eredivisie,Netherlands,24,Defender,2162.0,0.0,1.0,0.0,0.042,800000.0,49.73658530450652
654,Nuno Lima,Alanyaspor,super-lig,Türkiye,25,Defender,2826.0,1.0,1.0,0.032,0.032,2000000.0,49.646284063459305
655,Darko Nejasmic,NEC Nijmegen,eredivisie,Netherlands,27,Midfield,2311.0,4.0,1.0,0.156,0.039,4000000.0,49.58879199858568
656,Wouter Prins,FC Groningen,eredivisie,Netherlands,22,Defender,475.0,0.0,2.0,0.0,0.379,450000.0,49.58379419264416
657,Julius Dirksen,Go Ahead Eagles,eredivisie,Netherlands,23,Defender,1163.0,2.0,0.0,0.155,0.0,800000.0,49.36683401702943
658,Christopher Operi,Basaksehir FK,super-lig,Türkiye,29,Defender,1824.0,0.0,4.0,0.0,0.197,4000000.0,49.35473248756639
659,Marcos Peano,RAAL La Louvière,jupiler-pro-league,Belgium,28,Goalkeeper,2700.0,0.0,0.0,0.0,0.0,2000000.0,49.32086935960607
660,Maarten Paes,Ajax Amsterdam,eredivisie,Netherlands,28,Goalkeeper,990.0,0.0,0.0,0.0,0.0,2000000.0,49.24873805501675
661,Billy van Duijl,AZ Alkmaar,eredivisie,Netherlands,21,Defender,585.0,1.0,0.0,0.154,0.0,1500000.0,49.12331044414392
662,Irakli Yegoian,Excelsior Rotterdam,eredivisie,Netherlands,22,Midfield,2677.0,5.0,2.0,0.168,0.067,1800000.0,49.03763158187457
663,André Onana,Trabzonspor,super-lig,Türkiye,30,Goalkeeper,2527.0,0.0,1.0,0.0,0.036,10000000.0,48.94124800359632
664,Sem van Duijn,SC Telstar,eredivisie,Netherlands,22,Attack,1013.0,5.0,2.0,0.444,0.178,800000.0,48.92128720904603
665,Amine El Ouazzani,SC Braga,liga-portugal,Portugal,25,Attack,695.0,2.0,0.0,0.259,0.0,2500000.0,48.708700834566045
666,Jasper Dahlhaus,Fortuna Sittardia Combinatie,eredivisie,Netherlands,25,Defender,2118.0,0.0,1.0,0.0,0.042,1400000.0,48.70707450912899
667,Lucas Torreira,Galatasaray,super-lig,Türkiye,30,Midfield,2227.0,3.0,4.0,0.121,0.162,10000000.0,48.665698697881375
668,Marko Divković,Bröndby IF,superliga,Denmark,27,Defender,1573.0,3.0,1.0,0.172,0.057,2700000.0,48.60980084587196
669,Rodri Alonso,Moreirense FC,liga-portugal,Portugal,23,Midfield,1495.0,3.0,3.0,0.181,0.181,2000000.0,48.571685145489674
670,Brent Gabriël,Zulte Waregem,jupiler-pro-league,Belgium,27,Goalkeeper,2700.0,0.0,1.0,0.0,0.033,1000000.0,48.50773055244373
671,Adam Gnezda Cerin,Panathinaikos Athlitikos Omilos,super-league-1,Greece,27,Midfield,1116.0,1.0,2.0,0.081,0.161,4500000.0,48.41354088782114
672,Jonjoe Kenny,Panthessalonikios Athlitikos Omilos Konstantinoupoliton,super-league-1,Greece,29,Defender,1395.0,0.0,1.0,0.0,0.065,2500000.0,48.38600737157458
673,Attila Szalai,Kasimpasa,super-lig,Türkiye,28,Defender,1163.0,0.0,1.0,0.0,0.077,2000000.0,48.16098246084323
674,Amir Murillo,Beşiktaş Jimnastik Kulübü,super-lig,Türkiye,30,Defender,957.0,1.0,1.0,0.094,0.094,7000000.0,48.147688491033755
675,Gabriel Strefezza,Olympiakos Syndesmos Filathlon Peiraios,super-league-1,Greece,29,Attack,633.0,1.0,1.0,0.142,0.142,6500000.0,48.119353127301025
676,Viljar Myhra,Odense Boldklub,superliga,Denmark,30,Goalkeeper,1260.0,0.0,0.0,0.0,0.0,800000.0,48.098028144761706
677,Ruan,Alanyaspor,super-lig,Türkiye,21,Midfield,2255.0,1.0,3.0,0.04,0.12,3000000.0,48.08909434311757
678,Rasmus Carstensen,Aarhus GF,superliga,Denmark,26,Midfield,1225.0,5.0,2.0,0.367,0.147,2000000.0,48.0778014747814
679,Óscar Perea,Avs Futebol,liga-portugal,Portugal,21,Attack,1258.0,2.0,0.0,0.143,0.0,1500000.0,47.88847375498362
680,Julius Lorents,Silkeborg IF,superliga,Denmark,20,Midfield,745.0,0.0,0.0,0.0,0.0,700000.0,47.83301861648994
681,Dirk Proper,NEC Nijmegen,eredivisie,Netherlands,24,Midfield,1036.0,3.0,0.0,0.261,0.0,1500000.0,47.747715129269984
682,Sabil Hansen,Randers FC,superliga,Denmark,21,Defender,716.0,1.0,1.0,0.126,0.126,600000.0,47.70458315438571
683,Noah Fadiga,Aris Thessalonikis,super-league-1,Greece,27,Defender,1403.0,0.0,0.0,0.0,0.0,2000000.0,47.69159530193104
684,Oliver Edvardsen,Ajax Amsterdam,eredivisie,Netherlands,27,Attack,635.0,0.0,2.0,0.0,0.283,3000000.0,47.688017222930846
685,James Penrice,Athlitiki Enosi Konstantinoupoleos,super-league-1,Greece,28,Defender,1088.0,0.0,0.0,0.0,0.0,2500000.0,47.57519748797177
686,Daniel Anyembe,Viborg FF,superliga,Denmark,28,Defender,1723.0,0.0,0.0,0.0,0.0,2000000.0,47.554695082623056
687,Adam Sørensen,Odense Boldklub,superliga,Denmark,26,Defender,1410.0,1.0,2.0,0.064,0.128,800000.0,47.336281857477324
688,Neraysho Kasanwirjo,Fortuna Sittardia Combinatie,eredivisie,Netherlands,24,Defender,1320.0,0.0,2.0,0.0,0.136,1500000.0,47.33111442534089
689,Christian Gammelgaard,Vejle Boldklub,superliga,Denmark,23,Attack,1632.0,6.0,4.0,0.331,0.221,900000.0,47.29972462411446
690,Villads Westh,Silkeborg IF,superliga,Denmark,22,Midfield,959.0,0.0,0.0,0.0,0.0,700000.0,47.29084182038473
691,Ibrahim Diakité,Cercle Brugge,jupiler-pro-league,Belgium,23,Defender,492.0,0.0,0.0,0.0,0.0,1000000.0,47.178714244873106
692,Dani de Wit,FC Utrecht,eredivisie,Netherlands,28,Midfield,2151.0,7.0,4.0,0.293,0.167,3500000.0,47.168463072380405
693,Bill Antonio,KV Mechelen,jupiler-pro-league,Belgium,24,Attack,619.0,0.0,1.0,0.0,0.145,1200000.0,47.04413382196872
694,Luc De Fougerolles,FCV Dender EH,jupiler-pro-league,Belgium,21,Defender,1460.0,0.0,1.0,0.0,0.062,1000000.0,46.99214866886887
695,Jerome Opoku,Basaksehir FK,super-lig,Türkiye,28,Defender,2741.0,0.0,2.0,0.0,0.066,5000000.0,46.9883980251076
696,Felix Beijmo,Aarhus GF,superliga,Denmark,28,Defender,1888.0,2.0,3.0,0.095,0.143,3000000.0,46.95097331798338
697,Alexander Lyng,Sönderjyske Fodbold,superliga,Denmark,22,Attack,1305.0,3.0,1.0,0.207,0.069,1200000.0,46.714592236259634
698,Sofus Johannesen,FC Fredericia,superliga,Denmark,19,Midfield,558.0,3.0,1.0,0.484,0.161,550000.0,46.60708517045672
699,Nikolai Hopland,SC Heerenveen,eredivisie,Netherlands,22,Defender,524.0,1.0,0.0,0.172,0.0,1500000.0,46.60481235024727
700,Ken Nkuba,KRC Genk,jupiler-pro-league,Belgium,24,Defender,508.0,1.0,0.0,0.177,0.0,1500000.0,46.59864395718711
701,Matheus Dias,CD Nacional,liga-portugal,Portugal,24,Midfield,2442.0,0.0,1.0,0.0,0.037,1500000.0,46.57358605522538
702,Marlon Fossey,Standard Liège,jupiler-pro-league,Belgium,28,Defender,1165.0,1.0,2.0,0.077,0.155,3500000.0,46.56458114779351
703,Diogo Bezerra,Rio Ave FC,liga-portugal,Portugal,24,Attack,1267.0,1.0,2.0,0.071,0.142,1800000.0,46.52069204093077
704,Davis Opoku,Oud-Heverlee Leuven,jupiler-pro-league,Belgium,19,Defender,499.0,0.0,1.0,0.0,0.18,800000.0,46.51691277639288
705,Justin Hubner,Fortuna Sittardia Combinatie,eredivisie,Netherlands,23,Defender,1490.0,2.0,1.0,0.121,0.06,1000000.0,46.474635821777404
706,Amin Cherni,Göztepe,super-lig,Türkiye,25,Midfield,3008.0,0.0,4.0,0.0,0.12,3500000.0,46.415327858605096
707,Jesús Ramírez,CD Nacional,liga-portugal,Portugal,28,Attack,2894.0,18.0,0.0,0.56,0.0,5000000.0,46.40188878584232
708,Yuto Tsunashima,Royal Antwerp FC,jupiler-pro-league,Belgium,26,Defender,1864.0,1.0,0.0,0.048,0.0,1500000.0,46.216356875717764
709,José Fontán,FC Arouca,liga-portugal,Portugal,26,Defender,2545.0,2.0,3.0,0.071,0.106,1800000.0,46.191598084084355
710,Magnus Mattsson,FC Copenhagen,superliga,Denmark,27,Midfield,457.0,2.0,1.0,0.394,0.197,4000000.0,46.17998099953915
711,Ryotaro Ito,Sint-Truidense VV,jupiler-pro-league,Belgium,28,Midfield,2229.0,7.0,4.0,0.283,0.162,6000000.0,45.92904089531739
712,Thibo Somers,Royal Antwerp FC,jupiler-pro-league,Belgium,27,Midfield,2100.0,4.0,3.0,0.171,0.129,3000000.0,45.77979706944297
713,Gabriel Batista,CD Santa Clara,liga-portugal,Portugal,28,Goalkeeper,2880.0,0.0,1.0,0.0,0.031,4000000.0,45.7665164941465
714,Jalen Blesa,Rio Ave FC,liga-portugal,Portugal,25,Attack,1078.0,7.0,0.0,0.584,0.0,2000000.0,45.50213380282992
715,Martin Erlić,FC Midtjylland,superliga,Denmark,28,Defender,838.0,1.0,0.0,0.107,0.0,4000000.0,45.4198901057573
716,Charly Nouck,Viborg FF,superliga,Denmark,22,Attack,1020.0,5.0,4.0,0.441,0.353,1200000.0,45.37722923910885
717,Jorge Sánchez,Panthessalonikios Athlitikos Omilos Konstantinoupoliton,super-league-1,Greece,29,Defender,450.0,0.0,1.0,0.0,0.2,2000000.0,45.36870490917892
718,Henrique Silva,CD Santa Clara,liga-portugal,Portugal,21,Defender,1031.0,0.0,0.0,0.0,0.0,500000.0,45.32746039682073
719,Santi García,Gil Vicente FC,liga-portugal,Portugal,25,Midfield,2649.0,6.0,3.0,0.204,0.102,4000000.0,45.297185926331615
720,Ibrahim Sadiq,AZ Alkmaar,eredivisie,Netherlands,26,Attack,626.0,2.0,0.0,0.288,0.0,2000000.0,45.29446918975098
721,Siebe Van der Heyden,KAA Gent,jupiler-pro-league,Belgium,28,Defender,2145.0,2.0,1.0,0.084,0.042,3000000.0,45.27070186800962
722,Tiago Morais,Casa Pia AC,liga-portugal,Portugal,23,Attack,671.0,0.0,0.0,0.0,0.0,1800000.0,45.22553906151353
723,Adam Nygaard,FC Fredericia,superliga,Denmark,21,Defender,1006.0,0.0,0.0,0.0,0.0,500000.0,44.89771785074882
724,Brayann Pereira,NEC Nijmegen,eredivisie,Netherlands,23,Defender,1165.0,0.0,2.0,0.0,0.155,1000000.0,44.887312980826636
725,Aske Adelgaard,Go Ahead Eagles,eredivisie,Netherlands,23,Defender,1561.0,1.0,1.0,0.058,0.058,1000000.0,44.70959355577785
726,Jeppe Erenbjerg,Zulte Waregem,jupiler-pro-league,Belgium,26,Midfield,2416.0,10.0,3.0,0.373,0.112,4000000.0,44.66895233873549
727,Mario Lemina,Galatasaray,super-lig,Türkiye,33,Midfield,1683.0,2.0,1.0,0.107,0.053,4500000.0,44.62933330501252
728,Maga,Vitória Guimarães SC,liga-portugal,Portugal,24,Defender,1576.0,0.0,0.0,0.0,0.0,1500000.0,44.575837062589216
729,Dikeni Salifou,KV Mechelen,jupiler-pro-league,Belgium,23,Midfield,703.0,0.0,0.0,0.0,0.0,1000000.0,44.55902700742049
730,Lequincio Zeefuik,Heracles Almelo,eredivisie,Netherlands,22,Attack,1061.0,2.0,1.0,0.17,0.085,850000.0,44.555621985077494
731,Pavlos Pantelidis,Athlitiki Enosi Kifisias,super-league-1,Greece,24,Attack,1006.0,7.0,1.0,0.626,0.089,1000000.0,44.55052644522691
732,Oliver Olsen,Randers FC,superliga,Denmark,26,Defender,1465.0,2.0,0.0,0.123,0.0,1800000.0,44.53752575647079
733,Lennard Hartjes,Excelsior Rotterdam,eredivisie,Netherlands,23,Midfield,1565.0,1.0,0.0,0.058,0.0,800000.0,44.4801292380591
734,Rick Meissen,Excelsior Rotterdam,eredivisie,Netherlands,24,Defender,2513.0,0.0,3.0,0.0,0.107,800000.0,44.248540801478555
735,Stephen Acquah,FC Nordsjaelland,superliga,Denmark,20,Defender,531.0,0.0,0.0,0.0,0.0,500000.0,44.24519080321841
736,Stipe Radic,Viborg FF,superliga,Denmark,26,Defender,1621.0,1.0,0.0,0.056,0.0,1200000.0,44.22387360973791
737,Casper Terho,Oud-Heverlee Leuven,jupiler-pro-league,Belgium,23,Attack,552.0,0.0,0.0,0.0,0.0,1000000.0,44.19969466448465
738,Nélson Semedo,Fenerbahce,super-lig,Türkiye,33,Defender,1943.0,1.0,3.0,0.046,0.139,6000000.0,44.093470744767465
739,Kazımcan Karataş,Basaksehir FK,super-lig,Türkiye,23,Defender,700.0,0.0,2.0,0.0,0.257,2000000.0,44.03983493288686
740,Mauro Icardi,Galatasaray,super-lig,Türkiye,33,Attack,1313.0,14.0,1.0,0.96,0.069,4000000.0,43.96983434887424
741,Mustafa Eskihellaç,Trabzonspor,super-lig,Türkiye,29,Defender,2329.0,0.0,5.0,0.0,0.193,4000000.0,43.86427781196554
742,Josué Homawoo,Standard Liège,jupiler-pro-league,Belgium,29,Defender,1716.0,0.0,0.0,0.0,0.0,2000000.0,43.74044553904224
743,Mads Larsen,Silkeborg IF,superliga,Denmark,25,Midfield,1768.0,0.0,1.0,0.0,0.051,1500000.0,43.72247856908226
744,William Lykke,FC Nordsjaelland,superliga,Denmark,22,Goalkeeper,450.0,0.0,0.0,0.0,0.0,500000.0,43.68162152589473
745,Hans Vanaken,Club Brugge KV,jupiler-pro-league,Belgium,34,Midfield,2565.0,4.0,1.0,0.14,0.035,5000000.0,43.65876988409854
746,Max Bruns,FC Twente Enschede,eredivisie,Netherlands,24,Defender,797.0,1.0,0.0,0.113,0.0,1500000.0,43.647375206270745
747,Alan,Moreirense FC,liga-portugal,Portugal,26,Midfield,2706.0,5.0,5.0,0.166,0.166,5000000.0,43.56742537668682
748,Dudu,Aris Thessalonikis,super-league-1,Greece,24,Attack,758.0,2.0,1.0,0.237,0.119,1200000.0,43.51649417070453
749,Bismark Edjeodji,Vejle Boldklub,superliga,Denmark,19,Attack,666.0,1.0,4.0,0.135,0.541,500000.0,43.51047200091854
750,Tobias Sommer,Sönderjyske Fodbold,superliga,Denmark,25,Midfield,1782.0,0.0,4.0,0.0,0.202,1500000.0,43.47970691553209
751,Davide Calabria,Panathinaikos Athlitikos Omilos,super-league-1,Greece,30,Defender,1581.0,2.0,4.0,0.114,0.228,4500000.0,43.415815918687976
752,Tyrese Noslin,SC Telstar,eredivisie,Netherlands,24,Midfield,2307.0,2.0,3.0,0.078,0.117,750000.0,43.36873630632351
753,Isaac James,FC Alverca,liga-portugal,Portugal,22,Defender,1305.0,0.0,2.0,0.0,0.138,600000.0,43.16229846202189
754,Dirk Asare,Zulte Waregem,jupiler-pro-league,Belgium,22,Midfield,463.0,0.0,0.0,0.0,0.0,1000000.0,43.03415477668269
755,Omri Gandelman,KAA Gent,jupiler-pro-league,Belgium,26,Midfield,1428.0,7.0,1.0,0.441,0.063,3000000.0,42.80433682180788
756,Serginho,CD Santa Clara,liga-portugal,Portugal,27,Midfield,2582.0,4.0,3.0,0.139,0.105,3000000.0,42.65189837853058
757,Vaclav Sejk,SC Heerenveen,eredivisie,Netherlands,24,Attack,458.0,3.0,1.0,0.59,0.197,1500000.0,42.5637107529967
758,Szymon Wlodarczyk,Excelsior Rotterdam,eredivisie,Netherlands,23,Attack,754.0,3.0,1.0,0.358,0.119,750000.0,42.46917373651623
759,Rio Hillen,NAC Breda,eredivisie,Netherlands,23,Defender,2005.0,0.0,1.0,0.0,0.045,600000.0,42.02948213395111
760,Sho Fukuda,Bröndby IF,superliga,Denmark,25,Attack,557.0,3.0,1.0,0.485,0.162,1200000.0,42.02496903151845
761,Franco Tongya,Gençlerbirliği Spor Kulübü,super-lig,Türkiye,24,Midfield,2281.0,5.0,5.0,0.197,0.197,2000000.0,41.99916344739604
762,Uğurcan Yazğılı,Konyaspor,super-lig,Türkiye,27,Defender,2005.0,0.0,1.0,0.0,0.045,2000000.0,41.96705697568136
763,Timothé Nkada,Standard Liège,jupiler-pro-league,Belgium,27,Attack,757.0,1.0,1.0,0.119,0.119,2000000.0,41.950559174950065
764,Festy Ebosele,Basaksehir FK,super-lig,Türkiye,24,Defender,689.0,0.0,0.0,0.0,0.0,2500000.0,41.88857585456172
765,Mateusz Legowski,Eyüpspor,super-lig,Türkiye,23,Midfield,1565.0,2.0,1.0,0.115,0.058,2000000.0,41.874383979069414
766,Matheus Pereira,CD Santa Clara,liga-portugal,Portugal,26,Defender,720.0,0.0,1.0,0.0,0.125,1500000.0,41.844894188947535
767,Pedro Ganchas,Silkeborg IF,superliga,Denmark,26,Defender,1735.0,1.0,1.0,0.052,0.052,1700000.0,41.826621586130415
768,Jochem Ritmeester van de Kamp,SC Telstar,eredivisie,Netherlands,23,Midfield,2045.0,7.0,1.0,0.308,0.044,1500000.0,41.82164605563319
769,Kevin Mbabu,FC Midtjylland,superliga,Denmark,31,Defender,1005.0,0.0,1.0,0.0,0.09,2200000.0,41.729208405461485
770,Landerson,Moreirense FC,liga-portugal,Portugal,20,Attack,1289.0,0.0,2.0,0.0,0.14,1000000.0,41.727938690231895
771,Drissa Camara,Gaziantep FK,super-lig,Türkiye,24,Midfield,1741.0,3.0,9.0,0.155,0.465,3500000.0,41.68533978226755
772,Nikolaos Athanasiou,Omilos Filathlon Irakliou FC,super-league-1,Greece,25,Defender,649.0,0.0,3.0,0.0,0.416,1200000.0,41.62405951755124
773,Jakob Vester,Viborg FF,superliga,Denmark,22,Midfield,498.0,2.0,1.0,0.361,0.181,700000.0,41.551155598819236
774,Seiji Kimura,KVC Westerlo,jupiler-pro-league,Belgium,25,Defender,1215.0,1.0,0.0,0.074,0.0,1500000.0,41.534068910065976
775,Pantelis Hatzidiakos,FC Copenhagen,superliga,Denmark,29,Defender,1646.0,2.0,0.0,0.109,0.0,3000000.0,41.49998270102303
776,Luís Esteves,Gil Vicente FC,liga-portugal,Portugal,28,Midfield,2769.0,4.0,8.0,0.13,0.26,6000000.0,41.47203992297682
777,Paul Onuachu,Trabzonspor,super-lig,Türkiye,32,Attack,2525.0,22.0,2.0,0.784,0.071,6000000.0,41.46451322159046
778,Dean James,Go Ahead Eagles,eredivisie,Netherlands,26,Defender,1622.0,1.0,1.0,0.055,0.055,1700000.0,41.45922330448551
779,Calvin Twigt,Go Ahead Eagles,eredivisie,Netherlands,23,Midfield,528.0,0.0,0.0,0.0,0.0,750000.0,41.28734104150863
780,Adedire Mebude,Caykur Rizespor,super-lig,Türkiye,22,Attack,742.0,2.0,4.0,0.243,0.485,1500000.0,41.267612906263906
781,Kiril Despodov,Panthessalonikios Athlitikos Omilos Konstantinoupoliton,super-league-1,Greece,30,Attack,805.0,3.0,1.0,0.335,0.112,5000000.0,41.262843817272255
782,Giannis Apostolakis,Omilos Filathlon Irakliou FC,super-league-1,Greece,22,Midfield,1488.0,1.0,0.0,0.06,0.0,1200000.0,41.136996912210535
783,Sindre Walle Egeli,FC Nordsjaelland,superliga,Denmark,20,Attack,540.0,2.0,2.0,0.333,0.333,250000.0,41.13501558995095
784,Oleksandr Zubkov,Trabzonspor,super-lig,Türkiye,30,Attack,2185.0,4.0,12.0,0.165,0.494,6000000.0,40.95303885544281
785,Giorgi Kochorashvili,Sporting CP,liga-portugal,Portugal,27,Midfield,593.0,0.0,1.0,0.0,0.152,4000000.0,40.90672083143471
786,Wilfried Kanga,KAA Gent,jupiler-pro-league,Belgium,28,Attack,2025.0,10.0,4.0,0.444,0.178,3000000.0,40.86957315394667
787,Georgios Giakoumakis,Panthessalonikios Athlitikos Omilos Konstantinoupoliton,super-league-1,Greece,32,Attack,1294.0,7.0,1.0,0.487,0.07,6000000.0,40.8660970488469
788,Lewis Schouten,Excelsior Rotterdam,eredivisie,Netherlands,22,Defender,1355.0,1.0,0.0,0.066,0.0,700000.0,40.86247079078752
789,Malcolm Viltard,FCV Dender EH,jupiler-pro-league,Belgium,24,Midfield,2109.0,0.0,0.0,0.0,0.0,1500000.0,40.70042462892338
790,Zaidu Sanusi,FC Porto,liga-portugal,Portugal,29,Defender,995.0,1.0,1.0,0.09,0.09,3000000.0,40.650651960780756
791,Frederik Rieper,FC Fredericia,superliga,Denmark,27,Defender,1980.0,0.0,0.0,0.0,0.0,850000.0,40.601050112265334
792,Mitchell van Bergen,Sparta Rotterdam,eredivisie,Netherlands,27,Attack,2339.0,3.0,5.0,0.115,0.192,1500000.0,40.462587983823944
793,Marwan Al-Sahafi,Royal Antwerp FC,jupiler-pro-league,Belgium,22,Attack,1196.0,1.0,0.0,0.075,0.0,1000000.0,40.46023368577587
794,Brenner,CD Santa Clara,liga-portugal,Portugal,24,Attack,1185.0,0.0,1.0,0.0,0.076,1300000.0,40.42071154745593
795,Oliver Villadsen,Bröndby IF,superliga,Denmark,25,Defender,1045.0,0.0,2.0,0.0,0.172,1200000.0,40.35226359933655
796,João Marques,Casa Pia AC,liga-portugal,Portugal,24,Attack,587.0,1.0,1.0,0.153,0.153,1500000.0,40.20892305179634
797,Moussa Soumano,NAC Breda,eredivisie,Netherlands,21,Attack,793.0,5.0,0.0,0.567,0.0,750000.0,40.06692392786516
798,Hrvoje Smolcic,Kocaelispor,super-lig,Türkiye,26,Defender,2229.0,1.0,1.0,0.04,0.04,2000000.0,40.02134461578698
799,Mattijs Branderhorst,Fortuna Sittardia Combinatie,eredivisie,Netherlands,33,Goalkeeper,2160.0,0.0,0.0,0.0,0.0,800000.0,40.00923817214867
800,Jakob Kiilerich,Zulte Waregem,jupiler-pro-league,Belgium,26,Defender,1812.0,0.0,0.0,0.0,0.0,1000000.0,39.947710838221916
801,Pedro Amaral,GD Estoril Praia,liga-portugal,Portugal,29,Defender,1855.0,0.0,2.0,0.0,0.097,2000000.0,39.7931451932643
802,Tobias Lauritsen,Sparta Rotterdam,eredivisie,Netherlands,29,Attack,3043.0,12.0,5.0,0.355,0.148,3500000.0,39.76436826439979
803,Djé,CD Santa Clara,liga-portugal,Portugal,23,Midfield,954.0,0.0,1.0,0.0,0.094,800000.0,39.75810830431757
804,James Gomez,Odense Boldklub,superliga,Denmark,25,Defender,609.0,1.0,0.0,0.148,0.0,1000000.0,39.75788100307199
805,Logi Tómasson,Samsunspor,super-lig,Türkiye,26,Defender,2259.0,1.0,4.0,0.04,0.159,3000000.0,39.74989378587421
806,Jonatan Lindekilde,FC Fredericia,superliga,Denmark,20,Midfield,460.0,1.0,1.0,0.196,0.196,550000.0,39.66682813785184
807,Luka Jović,Athlitiki Enosi Konstantinoupoleos,super-league-1,Greece,29,Attack,1866.0,16.0,1.0,0.772,0.048,9000000.0,39.59142530097414
808,Yannick Cappelle,Zulte Waregem,jupiler-pro-league,Belgium,23,Defender,1757.0,1.0,1.0,0.051,0.051,650000.0,39.48067853278553
809,Mohamed Ihattaren,Fortuna Sittardia Combinatie,eredivisie,Netherlands,24,Midfield,1946.0,6.0,10.0,0.277,0.462,3000000.0,39.38808031460217
810,Mats Deijl,Feyenoord Rotterdam,eredivisie,Netherlands,29,Defender,1146.0,0.0,2.0,0.0,0.157,2000000.0,39.38388628928247
811,Fred,Fenerbahce,super-lig,Türkiye,33,Midfield,1471.0,3.0,4.0,0.184,0.245,4500000.0,39.33928843206876
812,Takahiro Akimoto,Oud-Heverlee Leuven,jupiler-pro-league,Belgium,28,Defender,2170.0,0.0,0.0,0.0,0.0,1500000.0,39.2311062724838
813,Zico Buurmeester,PEC Zwolle,eredivisie,Netherlands,24,Midfield,1499.0,2.0,0.0,0.12,0.0,1300000.0,39.22745094305569
814,Simon Graves,PEC Zwolle,eredivisie,Netherlands,27,Defender,2681.0,0.0,2.0,0.0,0.067,1500000.0,39.19175639368799
815,Antonio Espigares,Gil Vicente FC,liga-portugal,Portugal,22,Defender,972.0,1.0,1.0,0.093,0.093,500000.0,39.15690026386763
816,Filip Krastev,Göztepe,super-lig,Türkiye,25,Midfield,488.0,0.0,1.0,0.0,0.184,3000000.0,39.12096169714957
817,Shurandy Sambo,Sparta Rotterdam,eredivisie,Netherlands,25,Defender,1627.0,0.0,2.0,0.0,0.111,1300000.0,39.092211305739916
818,Daiki Hashioka,KAA Gent,jupiler-pro-league,Belgium,27,Defender,493.0,0.0,0.0,0.0,0.0,1500000.0,39.07604612756541
819,Brandon Aguilera,Rio Ave FC,liga-portugal,Portugal,23,Midfield,1378.0,1.0,0.0,0.065,0.0,1500000.0,39.07569504799356
820,Karol Świderski,Panathinaikos Athlitikos Omilos,super-league-1,Greece,29,Attack,1075.0,5.0,0.0,0.419,0.0,4500000.0,39.033992763759144
821,Joe Mendes,Samsunspor,super-lig,Türkiye,24,Defender,1215.0,0.0,1.0,0.0,0.074,2500000.0,38.620761476099496
822,Elias Achouri,FC Copenhagen,superliga,Denmark,27,Attack,1035.0,3.0,1.0,0.261,0.087,3000000.0,38.529846268678035
823,Nordin Bukala,FC Volendam,eredivisie,Netherlands,21,Midfield,1751.0,2.0,1.0,0.103,0.051,600000.0,38.511055166057055
824,Nils Rossen,SC Telstar,eredivisie,Netherlands,22,Midfield,2333.0,3.0,1.0,0.116,0.039,700000.0,38.50297237554976
825,Kristall Máni Ingason,Sönderjyske Fodbold,superliga,Denmark,24,Midfield,952.0,6.0,2.0,0.567,0.189,1800000.0,38.48490886317971
826,Göktan Gürpüz,Gençlerbirliği Spor Kulübü,super-lig,Türkiye,23,Midfield,1940.0,0.0,6.0,0.0,0.278,2000000.0,38.41848432627799
827,João Goulart,Casa Pia AC,liga-portugal,Portugal,26,Defender,1914.0,1.0,0.0,0.047,0.0,1500000.0,38.34763975234678
828,Diogo Spencer,Avs Futebol,liga-portugal,Portugal,22,Defender,1006.0,1.0,2.0,0.089,0.179,900000.0,38.30277338772922
829,Garcia,FC Famalicão,liga-portugal,Portugal,24,Defender,566.0,0.0,0.0,0.0,0.0,1500000.0,38.24724344513778
830,Rodrigo Becão,Kasimpasa,super-lig,Türkiye,30,Defender,1115.0,0.0,1.0,0.0,0.081,2000000.0,38.095678408360726
831,Thiago Nuss,Omilos Filathlon Irakliou FC,super-league-1,Greece,25,Attack,1557.0,6.0,3.0,0.347,0.173,1500000.0,38.03934529716618
832,Jean-Kévin Duverne,KAA Gent,jupiler-pro-league,Belgium,29,Defender,735.0,0.0,1.0,0.0,0.122,2000000.0,38.03042232881744
833,Ivan Brnic,Basaksehir FK,super-lig,Türkiye,25,Attack,929.0,4.0,3.0,0.388,0.291,2000000.0,37.99982976175105
834,Julián Martínez,FC Alverca,liga-portugal,Portugal,23,Defender,664.0,0.0,0.0,0.0,0.0,500000.0,37.97031842839128
835,Cherif Ndiaye,Samsunspor,super-lig,Türkiye,30,Attack,1422.0,7.0,3.0,0.443,0.19,5000000.0,37.82188399252378
836,Gue-sung Cho,FC Midtjylland,superliga,Denmark,28,Attack,766.0,3.0,0.0,0.352,0.0,2500000.0,37.8181716743872
837,Chukwubuikem Ikwuemesi,Oud-Heverlee Leuven,jupiler-pro-league,Belgium,25,Attack,1630.0,4.0,0.0,0.221,0.0,1200000.0,37.7680711464899
838,Cheick Oumar Konaté,Athlitiki Enosi Kifisias,super-league-1,Greece,22,Defender,717.0,0.0,0.0,0.0,0.0,1200000.0,37.751618903558544
839,Isaac Babadi,Royal Antwerp FC,jupiler-pro-league,Belgium,21,Midfield,470.0,0.0,0.0,0.0,0.0,1500000.0,37.704942172790226
840,Asker Beck,Viborg FF,superliga,Denmark,23,Midfield,708.0,0.0,2.0,0.0,0.254,600000.0,37.6603371798881
841,Marco Asensio,Fenerbahce,super-lig,Türkiye,30,Midfield,1879.0,11.0,13.0,0.527,0.623,15000000.0,37.50874365621658
842,Sam Kersten,SC Heerenveen,eredivisie,Netherlands,28,Defender,2352.0,1.0,0.0,0.038,0.0,2000000.0,37.458273924609585
843,Marios Vichos,APO Levadiakos Football Club,super-league-1,Greece,26,Defender,2333.0,0.0,2.0,0.0,0.077,1000000.0,37.4462013724965
844,Rafa Silva,Beşiktaş Jimnastik Kulübü,super-lig,Türkiye,33,Attack,820.0,5.0,1.0,0.549,0.11,4000000.0,37.38006310505654
845,Leonardo Lopes,KAA Gent,jupiler-pro-league,Belgium,28,Midfield,1595.0,1.0,1.0,0.056,0.056,2500000.0,37.3419692265027
846,Konstantinos Kostoulas,Omilos Filathlon Irakliou FC,super-league-1,Greece,21,Defender,984.0,0.0,1.0,0.0,0.091,800000.0,37.30829204170678
847,Modibo Sagnan,Caykur Rizespor,super-lig,Türkiye,27,Defender,1499.0,1.0,1.0,0.06,0.06,2000000.0,37.10574880453947
848,Marios Vrousai,Rio Ave FC,liga-portugal,Portugal,28,Defender,2532.0,1.0,2.0,0.036,0.071,3000000.0,36.94731372976182
849,Mads Emil Madsen,Aarhus GF,superliga,Denmark,28,Midfield,608.0,0.0,1.0,0.0,0.148,2500000.0,36.85295890372985
850,Tomasz Kędziora,Panthessalonikios Athlitikos Omilos Konstantinoupoliton,super-league-1,Greece,32,Defender,1500.0,0.0,0.0,0.0,0.0,2000000.0,36.82670022174758
851,Valentin Mihăilă,Caykur Rizespor,super-lig,Türkiye,26,Attack,1303.0,5.0,3.0,0.345,0.207,3500000.0,36.81906697912953
852,Maxime Soulas,Sönderjyske Fodbold,superliga,Denmark,27,Defender,1818.0,3.0,0.0,0.149,0.0,2000000.0,36.78977512701865
853,Noah Naujoks,Excelsior Rotterdam,eredivisie,Netherlands,24,Midfield,2335.0,10.0,1.0,0.385,0.039,1500000.0,36.62284902926023
854,Gift Links,Aarhus GF,superliga,Denmark,28,Midfield,1863.0,3.0,5.0,0.145,0.242,2500000.0,36.56263524470609
855,Bilal Brahimi,Viborg FF,superliga,Denmark,26,Attack,576.0,2.0,1.0,0.313,0.156,1000000.0,36.54359836518305
856,Adriel,Avs Futebol,liga-portugal,Portugal,25,Goalkeeper,1440.0,0.0,1.0,0.0,0.063,900000.0,36.52496788520932
857,Baran Gezek,Eyüpspor,super-lig,Türkiye,21,Midfield,1383.0,0.0,0.0,0.0,0.0,1500000.0,36.468710925955705
858,Naci Ünüvar,Heracles Almelo,eredivisie,Netherlands,23,Attack,657.0,0.0,1.0,0.0,0.137,1000000.0,36.38964801086206
859,Dimitrios Kaloskamis,Athlitiki Enosi Konstantinoupoleos,super-league-1,Greece,21,Midfield,605.0,1.0,1.0,0.149,0.149,1800000.0,36.345359085826914
860,Sidney Lima,CD Santa Clara,liga-portugal,Portugal,29,Defender,2933.0,1.0,0.0,0.031,0.0,3500000.0,36.31209947294155
861,Mads Emil Madsen,FC Copenhagen,superliga,Denmark,28,Midfield,722.0,1.0,0.0,0.125,0.0,2500000.0,36.28771654017967
862,Gaizka Larrazabal,Casa Pia AC,liga-portugal,Portugal,29,Defender,2855.0,5.0,4.0,0.158,0.126,4000000.0,36.11104083121795
863,Calegari,Eyüpspor,super-lig,Türkiye,24,Defender,1620.0,1.0,3.0,0.056,0.167,2500000.0,36.10941513414828
864,Gustavo Mendonça,Avs Futebol,liga-portugal,Portugal,23,Midfield,1401.0,0.0,0.0,0.0,0.0,500000.0,36.101099410276284
865,Victor Jensen,FC Utrecht,eredivisie,Netherlands,26,Midfield,540.0,5.0,0.0,0.833,0.0,2500000.0,36.09652278711368
866,Edgaras Utkus,Cercle Brugge,jupiler-pro-league,Belgium,26,Defender,1451.0,3.0,0.0,0.186,0.0,1600000.0,36.073835674572315
867,Ronald Koeman Jr.,SC Telstar,eredivisie,Netherlands,31,Goalkeeper,2959.0,1.0,0.0,0.03,0.0,700000.0,36.051950540378854
868,Mohamed Bayo,Gaziantep FK,super-lig,Türkiye,28,Attack,2348.0,15.0,3.0,0.575,0.115,4500000.0,36.033902562434875
869,Ricardo Velho,Gençlerbirliği Spor Kulübü,super-lig,Türkiye,28,Goalkeeper,2070.0,0.0,0.0,0.0,0.0,3000000.0,35.947262432621336
870,Lucão,Gil Vicente FC,liga-portugal,Portugal,25,Goalkeeper,720.0,0.0,0.0,0.0,0.0,1200000.0,35.93330001045915
871,Eldor Shomurodov,Basaksehir FK,super-lig,Türkiye,31,Attack,2928.0,22.0,5.0,0.676,0.154,7000000.0,35.77284399882563
872,Triantafyllos Tsapras,APO Levadiakos Football Club,super-league-1,Greece,25,Defender,2337.0,1.0,9.0,0.039,0.347,1500000.0,35.7541535827588
873,Dylan Vente,SC Heerenveen,eredivisie,Netherlands,27,Attack,2130.0,7.0,2.0,0.296,0.085,2500000.0,35.667928139872075
874,Sefer Emini,Sönderjyske Fodbold,superliga,Denmark,26,Midfield,467.0,0.0,0.0,0.0,0.0,800000.0,35.59005365608198
875,Talisca,Fenerbahce,super-lig,Türkiye,32,Midfield,1957.0,19.0,4.0,0.874,0.184,7000000.0,35.528308280716665
876,Yasser Larouci,Athlitiki Enosi Kifisias,super-league-1,Greece,25,Defender,1034.0,2.0,3.0,0.174,0.261,1500000.0,35.43933605434949
877,Mimeirhel Benita,Heracles Almelo,eredivisie,Netherlands,23,Defender,1448.0,0.0,1.0,0.0,0.062,500000.0,35.4003385753538
878,Nayel Mehssatou,Standard Liège,jupiler-pro-league,Belgium,24,Midfield,1014.0,0.0,2.0,0.0,0.178,1500000.0,35.356738199569385
879,Juan Castillo,Vitória Guimarães SC,liga-portugal,Portugal,23,Goalkeeper,1350.0,0.0,0.0,0.0,0.0,500000.0,35.30304951406629
880,Thomas Gundelund,Vejle Boldklub,superliga,Denmark,25,Defender,1525.0,0.0,1.0,0.0,0.059,750000.0,35.26898641771602
881,Benoit De Jaegere,Zulte Waregem,jupiler-pro-league,Belgium,22,Defender,716.0,0.0,0.0,0.0,0.0,500000.0,35.245456791210735
882,David Martínez,Volou Neos Podosferikos Syllogos,super-league-1,Greece,22,Midfield,1150.0,2.0,0.0,0.157,0.0,1200000.0,35.234444021273895
883,Joelson Fernandes,Gil Vicente FC,liga-portugal,Portugal,23,Attack,1013.0,1.0,3.0,0.089,0.267,1000000.0,35.2143591902311
884,Bilal Bafdili,KV Mechelen,jupiler-pro-league,Belgium,22,Midfield,849.0,1.0,3.0,0.106,0.318,1000000.0,35.13642367939205
885,Thiago Balieiro,Vitória Guimarães SC,liga-portugal,Portugal,23,Defender,1170.0,1.0,0.0,0.077,0.0,1000000.0,35.10568871809184
886,Rafa Silva,SL Benfica,liga-portugal,Portugal,33,Attack,920.0,5.0,0.0,0.489,0.0,4000000.0,35.103246105182606
887,Paulo Moreira,CF Estrela Amadora,liga-portugal,Portugal,26,Midfield,2379.0,3.0,2.0,0.113,0.076,1500000.0,35.055789351038655
888,Fran Navarro,SC Braga,liga-portugal,Portugal,28,Attack,1275.0,6.0,1.0,0.424,0.071,4000000.0,34.96122300452679
889,Jesper Karlsson,FC Utrecht,eredivisie,Netherlands,28,Attack,532.0,4.0,1.0,0.677,0.169,3000000.0,34.9264333312996
890,Francisco Petrasso,Rio Ave FC,liga-portugal,Portugal,24,Defender,1439.0,0.0,0.0,0.0,0.0,1200000.0,34.919795886225856
891,David Sousa,Casa Pia AC,liga-portugal,Portugal,25,Defender,2265.0,2.0,0.0,0.079,0.0,1000000.0,34.77951818786787
892,Atsuki Ito,KAA Gent,jupiler-pro-league,Belgium,28,Midfield,2055.0,4.0,3.0,0.175,0.131,2500000.0,34.6847753694294
893,Chiquinho,Olympiakos Syndesmos Filathlon Peiraios,super-league-1,Greece,31,Midfield,1514.0,4.0,4.0,0.238,0.238,5000000.0,34.676875698194976
894,Xavier Mbuyamba,FC Volendam,eredivisie,Netherlands,25,Defender,741.0,1.0,0.0,0.121,0.0,1500000.0,34.60803412991993
895,Abdülkerim Bardakcı,Galatasaray,super-lig,Türkiye,32,Defender,2455.0,0.0,1.0,0.0,0.037,6500000.0,34.562149977747985
896,Jan Faberski,PEC Zwolle,eredivisie,Netherlands,20,Attack,467.0,0.0,2.0,0.0,0.385,500000.0,34.28531616732497
897,Lars Unnerstall,FC Twente Enschede,eredivisie,Netherlands,36,Goalkeeper,2790.0,0.0,0.0,0.0,0.0,1000000.0,34.21943553753995
898,Jonathan Panzo,Rio Ave FC,liga-portugal,Portugal,26,Defender,1095.0,0.0,0.0,0.0,0.0,1500000.0,34.21366853965989
899,Niclas Eliasson,Athlitiki Enosi Konstantinoupoleos,super-league-1,Greece,31,Midfield,743.0,0.0,3.0,0.0,0.363,3000000.0,34.196022329789635
900,Attila Mocsi,Caykur Rizespor,super-lig,Türkiye,26,Defender,1746.0,2.0,0.0,0.103,0.0,2000000.0,34.09577250472134
901,Afonso Assis,Moreirense FC,liga-portugal,Portugal,20,Midfield,885.0,1.0,1.0,0.102,0.102,500000.0,34.07716869792598
902,Daouda Weidmann,FC Twente Enschede,eredivisie,Netherlands,23,Midfield,451.0,0.0,2.0,0.0,0.399,750000.0,33.89254349655921
903,Óscar Rivas,Vitória Guimarães SC,liga-portugal,Portugal,26,Defender,1620.0,1.0,0.0,0.056,0.0,1000000.0,33.88163879641526
904,Marc Giger,Union Saint-Gilloise,jupiler-pro-league,Belgium,22,Attack,474.0,3.0,1.0,0.57,0.19,800000.0,33.85742320096558
905,Ryan Merlen,Sint-Truidense VV,jupiler-pro-league,Belgium,24,Midfield,470.0,0.0,1.0,0.0,0.191,1000000.0,33.77968917570097
906,Benjamin Fredrick,FCV Dender EH,jupiler-pro-league,Belgium,21,Defender,861.0,0.0,0.0,0.0,0.0,600000.0,33.73806261783331
907,João Carvalho,GD Estoril Praia,liga-portugal,Portugal,29,Midfield,2798.0,6.0,12.0,0.193,0.386,5000000.0,33.66007132847805
908,Alfons Sampsted,Go Ahead Eagles,eredivisie,Netherlands,28,Defender,877.0,0.0,2.0,0.0,0.205,1500000.0,33.62380846133767
909,Jankat Yılmaz,Eyüpspor,super-lig,Türkiye,22,Goalkeeper,1260.0,0.0,0.0,0.0,0.0,1500000.0,33.6231210720952
910,Gustavo Silva,Vitória Guimarães SC,liga-portugal,Portugal,27,Attack,1466.0,5.0,2.0,0.307,0.123,4000000.0,33.5945003868285
911,Mats Deijl,Go Ahead Eagles,eredivisie,Netherlands,29,Defender,1665.0,1.0,3.0,0.054,0.162,2000000.0,33.586456468245046
912,Ricardo Mangas,Sporting CP,liga-portugal,Portugal,28,Defender,875.0,2.0,1.0,0.206,0.103,2000000.0,33.544172648181494
913,Antef Tsoungui,GD Estoril Praia,liga-portugal,Portugal,24,Defender,1372.0,0.0,0.0,0.0,0.0,1000000.0,33.53232932810874
914,Aurélien Scheidler,Royal Charleroi Sporting Club,jupiler-pro-league,Belgium,28,Attack,2246.0,7.0,2.0,0.28,0.08,2000000.0,33.27084674713963
915,Joris Kayembe,KRC Genk,jupiler-pro-league,Belgium,32,Defender,1654.0,0.0,1.0,0.0,0.054,2000000.0,33.21269081315932
916,Colin Coosemans,RSC Anderlecht,jupiler-pro-league,Belgium,34,Goalkeeper,2700.0,0.0,0.0,0.0,0.0,1200000.0,33.20299656805827
917,Davy Roef,KAA Gent,jupiler-pro-league,Belgium,32,Goalkeeper,2700.0,0.0,0.0,0.0,0.0,2500000.0,33.1789333528296
918,Elayis Tavsan,Samsunspor,super-lig,Türkiye,25,Attack,817.0,2.0,2.0,0.22,0.22,1500000.0,33.160900058248465
919,Nikolaos Christogeorgos,Omilos Filathlon Irakliou FC,super-league-1,Greece,26,Goalkeeper,1645.0,0.0,0.0,0.0,0.0,1000000.0,33.12593387712963
920,Nolan Martens,Excelsior Rotterdam,eredivisie,Netherlands,22,Defender,481.0,0.0,1.0,0.0,0.187,,33.11327815880116
921,Amine Harit,Basaksehir FK,super-lig,Türkiye,29,Attack,1566.0,2.0,4.0,0.115,0.23,5000000.0,33.074069539362775
922,Elies Mahmoud,Randers FC,superliga,Denmark,25,Attack,1481.0,2.0,2.0,0.122,0.122,750000.0,32.97057831218764
923,Pedro Carvalho,GD Estoril Praia,liga-portugal,Portugal,23,Defender,1249.0,0.0,1.0,0.0,0.072,800000.0,32.947803809871075
924,Jerolldino Bergraaf,Excelsior Rotterdam,eredivisie,Netherlands,20,Attack,1046.0,0.0,1.0,0.0,0.086,300000.0,32.931356582878315
925,Ayoub El Kaabi,Olympiakos Syndesmos Filathlon Peiraios,super-league-1,Greece,33,Attack,1682.0,17.0,1.0,0.91,0.054,4500000.0,32.89426120839745
926,Jordi Liongola,RAAL La Louvière,jupiler-pro-league,Belgium,26,Midfield,2276.0,1.0,6.0,0.04,0.237,1500000.0,32.88690989607633
927,Jadel Katongo,Kayserispor,super-lig,Türkiye,22,Defender,636.0,0.0,0.0,0.0,0.0,500000.0,32.86260686020588
928,Robert Ljubicic,Athlitiki Enosi Konstantinoupoleos,super-league-1,Greece,27,Midfield,631.0,4.0,4.0,0.571,0.571,3000000.0,32.795859448674456
929,Olimpiu Moruțan,Aris Thessalonikis,super-league-1,Greece,27,Attack,559.0,0.0,0.0,0.0,0.0,1800000.0,32.732513747151685
930,Pedro Ferreira,CD Santa Clara,liga-portugal,Portugal,28,Midfield,1969.0,0.0,0.0,0.0,0.0,3000000.0,32.431298264501564
931,Nikolaos Athanasiou,Rio Ave FC,liga-portugal,Portugal,25,Defender,1313.0,0.0,1.0,0.0,0.069,1200000.0,32.40095783615273
932,Andri Fannar Baldursson,Kasimpasa,super-lig,Türkiye,24,Midfield,2720.0,0.0,1.0,0.0,0.033,2000000.0,32.364299311994316
933,Julian Baas,Sparta Rotterdam,eredivisie,Netherlands,24,Midfield,1297.0,0.0,0.0,0.0,0.0,700000.0,32.251986248782735
934,Philippe Sandler,NEC Nijmegen,eredivisie,Netherlands,29,Defender,1873.0,1.0,3.0,0.048,0.144,2000000.0,32.16958994428319
935,Bünyamin Balcı,Antalyaspor,super-lig,Türkiye,26,Defender,2351.0,0.0,4.0,0.0,0.153,2000000.0,32.1085666858198
936,Nolan Gillot,RAAL La Louvière,jupiler-pro-league,Belgium,24,Defender,849.0,2.0,4.0,0.212,0.424,500000.0,32.09774279119622
937,Teo Quintero,Sparta Rotterdam,eredivisie,Netherlands,27,Defender,2469.0,1.0,1.0,0.036,0.036,1300000.0,32.085677944227626
938,Warleson,Cercle Brugge,jupiler-pro-league,Belgium,30,Goalkeeper,1107.0,0.0,0.0,0.0,0.0,2000000.0,32.03501110410421
939,Ivan Mesik,Heracles Almelo,eredivisie,Netherlands,25,Defender,2633.0,2.0,1.0,0.068,0.034,600000.0,32.00834724826112
940,Koen Kostons,PEC Zwolle,eredivisie,Netherlands,27,Attack,2888.0,11.0,6.0,0.343,0.187,1500000.0,31.97729460265599
941,Muhamed Buljubasic,Caykur Rizespor,super-lig,Türkiye,22,Midfield,786.0,0.0,0.0,0.0,0.0,1500000.0,31.947052032354055
942,Georgios Kyriakopoulos,Panathinaikos Athlitikos Omilos,super-league-1,Greece,30,Defender,1378.0,1.0,2.0,0.065,0.131,2000000.0,31.870138069907338
943,Eddie Salcedo,Omilos Filathlon Irakliou FC,super-league-1,Greece,25,Attack,1533.0,9.0,1.0,0.528,0.059,1500000.0,31.813744659168613
944,Habib Keïta,Kocaelispor,super-lig,Türkiye,24,Midfield,2053.0,1.0,2.0,0.044,0.088,2500000.0,31.752870619373645
945,Yusuf Özdemir,Alanyaspor,super-lig,Türkiye,25,Midfield,907.0,1.0,1.0,0.099,0.099,2800000.0,31.578568822913937
946,Dylan Nandín,FC Arouca,liga-portugal,Portugal,24,Attack,920.0,1.0,2.0,0.098,0.196,1000000.0,31.566192427545147
947,Oluwaseun Adewumi,Cercle Brugge,jupiler-pro-league,Belgium,21,Midfield,1433.0,4.0,0.0,0.251,0.0,800000.0,31.556475946487183
948,Juho Talvitie,NAC Breda,eredivisie,Netherlands,21,Attack,1395.0,3.0,2.0,0.194,0.129,700000.0,31.514557542996695
949,Nico Mantl,FC Arouca,liga-portugal,Portugal,26,Goalkeeper,720.0,0.0,0.0,0.0,0.0,800000.0,31.450854326387585
950,Umut Güneş,Basaksehir FK,super-lig,Türkiye,26,Midfield,2015.0,1.0,0.0,0.045,0.0,3000000.0,31.40684870632641
951,Arbnor Muja,Sint-Truidense VV,jupiler-pro-league,Belgium,28,Attack,1490.0,5.0,1.0,0.302,0.06,2500000.0,31.355589737231444
952,Andreas Poulsen,Silkeborg IF,superliga,Denmark,27,Defender,1370.0,0.0,3.0,0.0,0.197,850000.0,31.35245639665215
953,Guilherme Montóia,CF Estrela Amadora,liga-portugal,Portugal,23,Defender,524.0,0.0,0.0,0.0,0.0,750000.0,31.350625876052597
954,Fiete Arp,Odense Boldklub,superliga,Denmark,26,Midfield,1691.0,8.0,3.0,0.426,0.16,1700000.0,31.336215370259428
955,Léo Duarte,Basaksehir FK,super-lig,Türkiye,30,Defender,2305.0,0.0,1.0,0.0,0.039,2500000.0,31.32207518964314
956,Alessandro Vogliacco,Panthessalonikios Athlitikos Omilos Konstantinoupoliton,super-league-1,Greece,28,Defender,612.0,1.0,0.0,0.147,0.0,2500000.0,31.30554196525612
957,Kresimir Krizmanic,Omilos Filathlon Irakliou FC,super-league-1,Greece,26,Defender,2123.0,0.0,0.0,0.0,0.0,1200000.0,31.238963853335537
958,Lukas Willen,Zulte Waregem,jupiler-pro-league,Belgium,23,Defender,1055.0,0.0,1.0,0.0,0.085,600000.0,31.190512408881382
959,Paulo Victor,CD Santa Clara,liga-portugal,Portugal,25,Defender,1359.0,1.0,0.0,0.066,0.0,800000.0,31.136780546235514
960,Ghislain Konan,Gil Vicente FC,liga-portugal,Portugal,31,Defender,2661.0,0.0,0.0,0.0,0.0,3000000.0,31.112794021639655
961,John Björkengren,Randers FC,superliga,Denmark,28,Midfield,1886.0,1.0,0.0,0.048,0.0,2000000.0,31.05878922369289
962,Max Balard,NAC Breda,eredivisie,Netherlands,26,Midfield,2737.0,0.0,1.0,0.0,0.033,900000.0,31.045799228674543
963,Davie Selke,Basaksehir FK,super-lig,Türkiye,31,Attack,1204.0,10.0,2.0,0.748,0.15,2800000.0,31.045218282476526
964,Felix Uduokhai,Beşiktaş Jimnastik Kulübü,super-lig,Türkiye,29,Defender,1124.0,0.0,0.0,0.0,0.0,3500000.0,30.83485237255176
965,Cristian Devenish,Avs Futebol,liga-portugal,Portugal,25,Defender,2165.0,0.0,0.0,0.0,0.0,800000.0,30.69739621586286
966,Hyun-ju Lee,FC Arouca,liga-portugal,Portugal,23,Midfield,2024.0,7.0,3.0,0.311,0.133,2500000.0,30.586598935284297
967,Jakob Napoleon Romsaas,Royal Charleroi Sporting Club,jupiler-pro-league,Belgium,22,Midfield,1499.0,1.0,4.0,0.06,0.24,1200000.0,30.584172030223765
968,Vítor Carvalho,SC Braga,liga-portugal,Portugal,29,Midfield,1062.0,2.0,2.0,0.169,0.169,4000000.0,30.576109749321333
969,Fedor Chalov,Kayserispor,super-lig,Türkiye,28,Attack,858.0,2.0,1.0,0.21,0.105,4000000.0,30.553611379632112
970,Bartłomiej Drągowski,Panathinaikos Athlitikos Omilos,super-league-1,Greece,29,Goalkeeper,540.0,0.0,0.0,0.0,0.0,2000000.0,30.497751972329983
971,Jaden Slory,Go Ahead Eagles,eredivisie,Netherlands,21,Attack,657.0,0.0,1.0,0.0,0.137,700000.0,30.48829367520592
972,Nicholas Opoku,Kasimpasa,super-lig,Türkiye,29,Defender,2432.0,0.0,0.0,0.0,0.0,1500000.0,30.43947518803422
973,David Bates,Standard Liège,jupiler-pro-league,Belgium,30,Defender,577.0,0.0,0.0,0.0,0.0,1800000.0,30.334521123824214
974,Tayyip Talha Sanuç,Gaziantep FK,super-lig,Türkiye,27,Defender,1335.0,0.0,0.0,0.0,0.0,1500000.0,30.227306836225697
975,Mohamed Guindo,RAAL La Louvière,jupiler-pro-league,Belgium,23,Attack,573.0,0.0,0.0,0.0,0.0,,30.165877284392344
976,Kaj de Rooij,PEC Zwolle,eredivisie,Netherlands,26,Attack,2030.0,6.0,5.0,0.266,0.222,1000000.0,30.090109619665846
977,Nicklas Røjkjær,FC Nordsjaelland,superliga,Denmark,28,Midfield,1954.0,2.0,4.0,0.092,0.184,2000000.0,30.084706792796865
978,Niklas Vesterlund,FC Utrecht,eredivisie,Netherlands,27,Defender,1252.0,1.0,1.0,0.072,0.072,1500000.0,30.077965532112067
979,Abdelkahar Kadri,KAA Gent,jupiler-pro-league,Belgium,26,Midfield,1703.0,2.0,5.0,0.106,0.264,2500000.0,30.03931882280758
980,Jérémy Livolant,Casa Pia AC,liga-portugal,Portugal,28,Attack,2780.0,3.0,8.0,0.097,0.259,2500000.0,29.99803695417345
981,Luca Oyen,SC Heerenveen,eredivisie,Netherlands,23,Attack,469.0,1.0,0.0,0.192,0.0,900000.0,29.980618812010796
982,Mathias Kjølø,FC Twente Enschede,eredivisie,Netherlands,25,Midfield,517.0,0.0,0.0,0.0,0.0,1000000.0,29.92339698504411
983,Mattias Lamhauge,FC Fredericia,superliga,Denmark,27,Goalkeeper,1350.0,0.0,0.0,0.0,0.0,450000.0,29.91197452404909
984,Bartuğ Elmaz,Fatih Karagümrük,super-lig,Türkiye,23,Midfield,1042.0,1.0,0.0,0.086,0.0,1500000.0,29.902479032075618
985,Tiago Parente,GD Estoril Praia,liga-portugal,Portugal,22,Defender,486.0,1.0,1.0,0.185,0.185,500000.0,29.880339834874047
986,Vic Chambaere,Union Saint-Gilloise,jupiler-pro-league,Belgium,23,Goalkeeper,765.0,0.0,0.0,0.0,0.0,700000.0,29.71610226977759
987,Makan Aïko,Fortuna Sittardia Combinatie,eredivisie,Netherlands,25,Attack,454.0,2.0,2.0,0.396,0.396,900000.0,29.69989588602846
988,Sydney van Hooijdonk,NAC Breda,eredivisie,Netherlands,26,Attack,1200.0,5.0,1.0,0.375,0.075,1000000.0,29.692998864791225
989,Anıl Yiğit Çınar,Fatih Karagümrük,super-lig,Türkiye,23,Defender,1100.0,2.0,0.0,0.164,0.0,500000.0,29.615281345370747
990,Zé Carlos,Gil Vicente FC,liga-portugal,Portugal,28,Defender,2466.0,0.0,0.0,0.0,0.0,2000000.0,29.49109986532063
991,Melih İbrahimoğlu,Konyaspor,super-lig,Türkiye,26,Midfield,2286.0,1.0,1.0,0.039,0.039,2500000.0,29.47234527173965
992,William Madsen,FC Fredericia,superliga,Denmark,24,Midfield,906.0,1.0,1.0,0.099,0.099,450000.0,29.40183893433902
993,Nicolai Vallys,Bröndby IF,superliga,Denmark,30,Attack,1606.0,5.0,5.0,0.28,0.28,4000000.0,29.34019628417805
994,Ludwig Augustinsson,RSC Anderlecht,jupiler-pro-league,Belgium,32,Defender,1445.0,0.0,2.0,0.0,0.125,1500000.0,29.315952532001944
995,N'Golo Kanté,Fenerbahce,super-lig,Türkiye,35,Midfield,1144.0,2.0,0.0,0.157,0.0,4000000.0,29.297376160575077
996,Alioune Ndoye,Vitória Guimarães SC,liga-portugal,Portugal,25,Attack,952.0,2.0,2.0,0.189,0.189,1000000.0,29.254084855833607
997,Godfried Frimpong,Kasimpasa,super-lig,Türkiye,27,Defender,2197.0,0.0,1.0,0.0,0.041,2000000.0,29.24392749608611
998,Samuel Kotto,KAA Gent,jupiler-pro-league,Belgium,23,Defender,489.0,0.0,0.0,0.0,0.0,,29.220721467826046
999,Agustín Moreira,Gil Vicente FC,liga-portugal,Portugal,25,Attack,1031.0,2.0,1.0,0.175,0.087,1000000.0,29.119864845999416
1000,Dennis Eckert Ayensa,Standard Liège,jupiler-pro-league,Belgium,29,Attack,1638.0,3.0,0.0,0.165,0.0,2000000.0,29.063876034028286
1001,İbrahim Kaya,Alanyaspor,super-lig,Türkiye,25,Midfield,1154.0,6.0,1.0,0.468,0.078,1500000.0,29.043686957474012
1002,Jordan Larsson,FC Copenhagen,superliga,Denmark,29,Attack,1543.0,6.0,4.0,0.35,0.233,3500000.0,28.954060324483276
1003,Sam Lammers,FC Twente Enschede,eredivisie,Netherlands,29,Attack,1546.0,6.0,8.0,0.349,0.466,4000000.0,28.717308493613285
1004,Laurent Lemoine,Zulte Waregem,jupiler-pro-league,Belgium,28,Defender,1176.0,0.0,0.0,0.0,0.0,800000.0,28.71488110094428
1005,Callum McCowatt,Silkeborg IF,superliga,Denmark,27,Midfield,1683.0,8.0,2.0,0.428,0.107,2500000.0,28.672608540986587
1006,Mark Brink,FC Nordsjaelland,superliga,Denmark,28,Midfield,1219.0,0.0,0.0,0.0,0.0,2000000.0,28.656311453848403
1007,Wouter George,Oud-Heverlee Leuven,jupiler-pro-league,Belgium,24,Midfield,738.0,0.0,1.0,0.0,0.122,700000.0,28.53492808913528
1008,Issiaga Sylla,A.G.S Asteras Tripolis,super-league-1,Greece,32,Defender,1453.0,0.0,0.0,0.0,0.0,700000.0,28.527753497685737
1009,Toni Borevković,Samsunspor,super-lig,Türkiye,29,Defender,1135.0,1.0,0.0,0.079,0.0,2000000.0,28.518364123326158
1010,Kamal Sowah,NAC Breda,eredivisie,Netherlands,26,Midfield,2789.0,1.0,1.0,0.032,0.032,750000.0,28.449451120851933
1011,Çağlar Söyüncü,Fenerbahce,super-lig,Türkiye,30,Defender,772.0,0.0,1.0,0.0,0.117,3500000.0,28.415338071647568
1012,Oucasse Mendy,RAAL La Louvière,jupiler-pro-league,Belgium,25,Attack,929.0,1.0,1.0,0.097,0.097,1000000.0,28.38926652982336
1013,Mithat Pala,Caykur Rizespor,super-lig,Türkiye,26,Defender,1943.0,2.0,0.0,0.093,0.0,3000000.0,28.363586384296756
1014,Omar Fayed,FC Arouca,liga-portugal,Portugal,23,Defender,553.0,0.0,0.0,0.0,0.0,600000.0,28.31765314342499
1015,Vincent Janssen,Royal Antwerp FC,jupiler-pro-league,Belgium,32,Attack,2391.0,7.0,5.0,0.263,0.188,4000000.0,28.29058537218562
1016,Ricardo Horta,SC Braga,liga-portugal,Portugal,32,Attack,2150.0,14.0,6.0,0.586,0.251,9000000.0,28.28811891770926
1017,Sem Scheperman,Heracles Almelo,eredivisie,Netherlands,24,Midfield,1124.0,1.0,1.0,0.08,0.08,600000.0,28.201974177275364
1018,Ivan Perišić,PSV Eindhoven,eredivisie,Netherlands,37,Attack,2219.0,7.0,12.0,0.284,0.487,1200000.0,28.032252819016207
1019,Lazare Amani,Athlitiki Enosi Kifisias,super-league-1,Greece,28,Midfield,1005.0,1.0,0.0,0.09,0.0,1000000.0,28.020275690676538
1020,Nick Fichtinger,PEC Zwolle,eredivisie,Netherlands,22,Midfield,757.0,0.0,1.0,0.0,0.119,350000.0,27.948435100586373
1021,Joris Kramer,Go Ahead Eagles,eredivisie,Netherlands,30,Defender,3015.0,1.0,3.0,0.03,0.09,1800000.0,27.93087534715266
1022,Carles Pérez,Aris Thessalonikis,super-league-1,Greece,28,Attack,1189.0,0.0,0.0,0.0,0.0,1800000.0,27.914579558680426
1023,Răzvan Marin,Athlitiki Enosi Konstantinoupoleos,super-league-1,Greece,30,Midfield,1667.0,3.0,7.0,0.162,0.378,4000000.0,27.91119860606377
1024,Davy Gui,FC Alverca,liga-portugal,Portugal,20,Midfield,594.0,1.0,1.0,0.152,0.152,600000.0,27.873138501057888
1025,Bilal Bayazıt,Kayserispor,super-lig,Türkiye,27,Goalkeeper,2520.0,0.0,0.0,0.0,0.0,1800000.0,27.86420593524469
1026,Shawn Adewoye,Fortuna Sittardia Combinatie,eredivisie,Netherlands,26,Defender,2022.0,0.0,0.0,0.0,0.0,900000.0,27.845737918380355
1027,Derensili Sanches Fernandes,Excelsior Rotterdam,eredivisie,Netherlands,25,Attack,2504.0,6.0,3.0,0.216,0.108,900000.0,27.839634456024232
1028,Darko Churlinov,Kocaelispor,super-lig,Türkiye,26,Attack,1054.0,0.0,3.0,0.0,0.256,1500000.0,27.730044487843834
1029,Sidi Bane,Avs Futebol,liga-portugal,Portugal,22,Defender,588.0,1.0,0.0,0.153,0.0,,27.722494924127272
1030,Berkan Kutlu,Konyaspor,super-lig,Türkiye,28,Midfield,1057.0,2.0,0.0,0.17,0.0,2500000.0,27.66371571622603
1031,Wilguens Paugain,Zulte Waregem,jupiler-pro-league,Belgium,25,Defender,1011.0,1.0,0.0,0.089,0.0,800000.0,27.56179636873519
1032,Fabiano,Moreirense FC,liga-portugal,Portugal,26,Defender,502.0,0.0,0.0,0.0,0.0,1500000.0,27.53185969859768
1033,Yvandro Borges Sanches,Heracles Almelo,eredivisie,Netherlands,22,Attack,515.0,2.0,0.0,0.35,0.0,400000.0,27.51069432879853
1034,Nile John,Moreirense FC,liga-portugal,Portugal,23,Midfield,671.0,0.0,1.0,0.0,0.134,500000.0,27.432962290291368
1035,Kenneth Paal,Antalyaspor,super-lig,Türkiye,29,Defender,2882.0,0.0,0.0,0.0,0.0,2000000.0,27.308278335539356
1036,Raul Paula,NAC Breda,eredivisie,Netherlands,22,Midfield,705.0,2.0,2.0,0.255,0.255,350000.0,27.30585137884564
1037,Amadou Dante,FC Arouca,liga-portugal,Portugal,26,Defender,832.0,0.0,0.0,0.0,0.0,1200000.0,27.2810512296995
1038,Tyrique Mercera,FC Groningen,eredivisie,Netherlands,23,Defender,853.0,0.0,2.0,0.0,0.211,600000.0,27.196458003716018
1039,Tunde Akinsola,Avs Futebol,liga-portugal,Portugal,23,Attack,2443.0,1.0,4.0,0.037,0.147,800000.0,27.180170838187472
1040,Abdul Rahman Baba,Panthessalonikios Athlitikos Omilos Konstantinoupoliton,super-league-1,Greece,32,Defender,1375.0,2.0,1.0,0.131,0.065,2000000.0,27.173957871598382
1041,Barnabás Varga,Athlitiki Enosi Konstantinoupoleos,super-league-1,Greece,32,Attack,767.0,5.0,2.0,0.587,0.235,4000000.0,27.069918608479803
1042,Anthony Descotte,FC Volendam,eredivisie,Netherlands,23,Attack,881.0,4.0,1.0,0.409,0.102,600000.0,27.063486182989465
1043,Giannis Kosti,APO Levadiakos Football Club,super-league-1,Greece,26,Midfield,1944.0,5.0,0.0,0.231,0.0,1200000.0,27.033885615231227
1044,Tomas Cvancara,Antalyaspor,super-lig,Türkiye,26,Attack,526.0,1.0,0.0,0.171,0.0,2000000.0,27.002087992425405
1045,Jean Manuel Mbom,Viborg FF,superliga,Denmark,26,Midfield,1437.0,0.0,4.0,0.0,0.251,1200000.0,26.985192123849377
1046,Dimitrios Limnios,Fortuna Sittardia Combinatie,eredivisie,Netherlands,28,Attack,2177.0,2.0,8.0,0.083,0.331,1300000.0,26.771575421616724
1047,Yassir Salah Rahmouni,Go Ahead Eagles,eredivisie,Netherlands,20,Midfield,777.0,0.0,0.0,0.0,0.0,450000.0,26.75952527946653
1048,Muhammed Şengezer,Basaksehir FK,super-lig,Türkiye,29,Goalkeeper,2970.0,0.0,1.0,0.0,0.03,3500000.0,26.754013934411596
1049,Birger Meling,FC Copenhagen,superliga,Denmark,32,Defender,726.0,0.0,0.0,0.0,0.0,900000.0,26.730217534668416
1050,Theocharis Tsingaras,APS Atromitos Athinon,super-league-1,Greece,26,Midfield,1574.0,1.0,1.0,0.057,0.057,900000.0,26.71661826088487
1051,Erik Palmer-Brown,Panathinaikos Athlitikos Omilos,super-league-1,Greece,29,Defender,1027.0,0.0,0.0,0.0,0.0,1500000.0,26.705795608378587
1052,Hamza Mendyl,Aris Thessalonikis,super-league-1,Greece,29,Defender,471.0,0.0,1.0,0.0,0.191,800000.0,26.647321263709834
1053,Milan Zonneveld,SC Telstar,eredivisie,Netherlands,23,Attack,852.0,2.0,2.0,0.211,0.211,450000.0,26.603652923411786
1054,Mohamed Nassoh,NAC Breda,eredivisie,Netherlands,23,Midfield,1826.0,5.0,1.0,0.246,0.049,700000.0,26.590136536116972
1055,Arnau Solà,FC Arouca,liga-portugal,Portugal,23,Defender,589.0,0.0,1.0,0.0,0.153,500000.0,26.56140348347317
1056,Lefteris Lyratzis,Panserraikos Serres,super-league-1,Greece,26,Defender,1848.0,1.0,2.0,0.049,0.097,800000.0,26.522396669152826
1057,Ismahila Ouédraogo,Odense Boldklub,superliga,Denmark,27,Midfield,1380.0,0.0,0.0,0.0,0.0,1200000.0,26.477030951089205
1058,Syb van Ottele,Fortuna Sittardia Combinatie,eredivisie,Netherlands,24,Defender,901.0,0.0,0.0,0.0,0.0,600000.0,26.46460414664857
1059,David Min,FC Utrecht,eredivisie,Netherlands,27,Attack,883.0,4.0,1.0,0.408,0.102,1500000.0,26.46118138324566
1060,Pedro Santos,FC Famalicão,liga-portugal,Portugal,23,Attack,696.0,2.0,3.0,0.259,0.388,600000.0,26.453897362011205
1061,Omar Richards,Rio Ave FC,liga-portugal,Portugal,28,Defender,702.0,0.0,0.0,0.0,0.0,2000000.0,26.442390035588893
1062,Abraham Marcus,CF Estrela Amadora,liga-portugal,Portugal,26,Attack,2576.0,5.0,5.0,0.175,0.175,1000000.0,26.43340929748963
1063,Junya Ito,KRC Genk,jupiler-pro-league,Belgium,33,Attack,1027.0,4.0,2.0,0.351,0.175,3000000.0,26.427888487683347
1064,Adil Demirbağ,Konyaspor,super-lig,Türkiye,29,Defender,2088.0,2.0,2.0,0.086,0.086,3000000.0,26.405770918112708
1065,Atanas Chernev,CF Estrela Amadora,liga-portugal,Portugal,24,Defender,1018.0,0.0,0.0,0.0,0.0,700000.0,26.329625958526858
1066,João Tomé,Rio Ave FC,liga-portugal,Portugal,23,Defender,664.0,0.0,0.0,0.0,0.0,600000.0,26.29214646251572
1067,Alejandro Marqués,GD Estoril Praia,liga-portugal,Portugal,26,Attack,1145.0,4.0,0.0,0.314,0.0,1500000.0,26.205545760130804
1068,Yassin Oukili,Fortuna Sittardia Combinatie,eredivisie,Netherlands,25,Midfield,468.0,2.0,0.0,0.385,0.0,700000.0,26.181371639265922
1069,Mohamed Elyounoussi,FC Copenhagen,superliga,Denmark,32,Attack,1542.0,6.0,6.0,0.35,0.35,4000000.0,26.180021395770325
1070,Guus Offerhaus,SC Telstar,eredivisie,Netherlands,25,Defender,2970.0,1.0,3.0,0.03,0.091,800000.0,26.16203736559316
1071,Kevin Van Den Kerkhof,Royal Charleroi Sporting Club,jupiler-pro-league,Belgium,30,Defender,1264.0,2.0,1.0,0.142,0.071,1800000.0,26.11920193634986
1072,Cédric Nuozzi,FC Alverca,liga-portugal,Portugal,20,Attack,872.0,1.0,0.0,0.103,0.0,800000.0,26.044351213689044
1073,Luka Ivanušec,Panthessalonikios Athlitikos Omilos Konstantinoupoliton,super-league-1,Greece,28,Midfield,499.0,0.0,2.0,0.0,0.361,3000000.0,26.032495633554763
1074,Jackson Muleka,Konyaspor,super-lig,Türkiye,27,Attack,2231.0,6.0,4.0,0.242,0.161,2800000.0,25.988489380939388
1075,Jeppe Kudsk,FC Fredericia,superliga,Denmark,23,Defender,1093.0,1.0,0.0,0.082,0.0,400000.0,25.91598441463421
1076,Rasmus Lauritsen,Bröndby IF,superliga,Denmark,30,Defender,720.0,0.0,1.0,0.0,0.125,1000000.0,25.913115176925714
1077,Javi Hernández,Panathinaikos Athlitikos Omilos,super-league-1,Greece,28,Defender,612.0,2.0,0.0,0.294,0.0,2000000.0,25.883537080327713
1078,Taha Şahin,Caykur Rizespor,super-lig,Türkiye,26,Defender,1787.0,1.0,0.0,0.05,0.0,3000000.0,25.872012694657258
1079,Davy Klaassen,Ajax Amsterdam,eredivisie,Netherlands,33,Midfield,1787.0,6.0,2.0,0.302,0.101,2000000.0,25.853749137141296
1080,Dani García,Olympiakos Syndesmos Filathlon Peiraios,super-league-1,Greece,36,Midfield,915.0,1.0,0.0,0.098,0.0,700000.0,25.794967406837007
1081,Sverrir Ingi Ingason,Panathinaikos Athlitikos Omilos,super-league-1,Greece,33,Defender,904.0,0.0,0.0,0.0,0.0,1800000.0,25.72577283407401
1082,Robinho,CF Estrela Amadora,liga-portugal,Portugal,24,Midfield,931.0,0.0,1.0,0.0,0.097,600000.0,25.622060292058997
1083,Paulo Vitor,Avs Futebol,liga-portugal,Portugal,25,Defender,1421.0,0.0,0.0,0.0,0.0,500000.0,25.579969816715796
1084,Simon Mignolet,Club Brugge KV,jupiler-pro-league,Belgium,38,Goalkeeper,855.0,0.0,0.0,0.0,0.0,1000000.0,25.57955246708233
1085,Christos Sielis,Panetolikos Agrinio,super-league-1,Greece,26,Defender,1650.0,0.0,1.0,0.0,0.055,700000.0,25.540280303166597
1086,Mads Agger,Sönderjyske Fodbold,superliga,Denmark,27,Attack,1463.0,3.0,4.0,0.185,0.246,1200000.0,25.481065298942873
1087,Emir Ortakaya,Eyüpspor,super-lig,Türkiye,22,Defender,728.0,0.0,0.0,0.0,0.0,600000.0,25.443662938006646
1088,Svit Seslar,Eyüpspor,super-lig,Türkiye,24,Midfield,554.0,1.0,1.0,0.162,0.162,2500000.0,25.423695246827343
1089,Qazim Laci,Caykur Rizespor,super-lig,Türkiye,30,Midfield,2694.0,7.0,9.0,0.234,0.301,2800000.0,25.412140652961853
1090,Abdoulaye Sissako,Sint-Truidense VV,jupiler-pro-league,Belgium,28,Midfield,2471.0,1.0,3.0,0.036,0.109,2000000.0,25.39623123375645
1091,Kartal Yılmaz,Beşiktaş Jimnastik Kulübü,super-lig,Türkiye,26,Midfield,516.0,0.0,2.0,0.0,0.349,2500000.0,25.282404623003877
1092,Jizz Hornkamp,Heracles Almelo,eredivisie,Netherlands,28,Attack,1115.0,10.0,1.0,0.807,0.081,2500000.0,25.24319892553863
1093,Mateusz Lis,Göztepe,super-lig,Türkiye,29,Goalkeeper,3060.0,0.0,0.0,0.0,0.0,2500000.0,25.241853308172136
1094,Magnus Jensen,Sönderjyske Fodbold,superliga,Denmark,30,Defender,1980.0,2.0,0.0,0.091,0.0,700000.0,25.15775636664501
1095,Moisés Ramírez,Athlitiki Enosi Kifisias,super-league-1,Greece,26,Goalkeeper,1800.0,0.0,0.0,0.0,0.0,800000.0,25.14472902608637
1096,Álvaro Tejero,Aris Thessalonikis,super-league-1,Greece,30,Defender,2085.0,0.0,2.0,0.0,0.086,1800000.0,25.136219292479247
1097,Steven Berghuis,Ajax Amsterdam,eredivisie,Netherlands,35,Attack,1140.0,4.0,2.0,0.316,0.158,2000000.0,25.129934928563962
1098,Hugo Félix,CD Tondela,liga-portugal,Portugal,22,Midfield,1335.0,0.0,2.0,0.0,0.135,800000.0,24.999425316426446
1099,Abdoulaye Camara,Vejle Boldklub,superliga,Denmark,20,Attack,470.0,1.0,0.0,0.191,0.0,250000.0,24.74857203998617
1100,Brandon Mechele,Club Brugge KV,jupiler-pro-league,Belgium,33,Defender,2535.0,4.0,2.0,0.142,0.071,2800000.0,24.71913561376144
1101,Boy Kemper,NAC Breda,eredivisie,Netherlands,27,Defender,2821.0,5.0,4.0,0.16,0.128,1000000.0,24.66180233940152
1102,Yonis Njoh,Viborg FF,superliga,Denmark,22,Attack,502.0,2.0,1.0,0.359,0.179,550000.0,24.56928238272183
1103,Panagiotis Liagas,APO Levadiakos Football Club,super-league-1,Greece,27,Defender,1689.0,1.0,2.0,0.053,0.107,1000000.0,24.566498829697757
1104,Gyrano Kerk,Royal Antwerp FC,jupiler-pro-league,Belgium,31,Attack,1503.0,2.0,4.0,0.12,0.24,3000000.0,24.496358268458255
1105,Antoine Makoumbou,Samsunspor,super-lig,Türkiye,28,Midfield,2240.0,1.0,1.0,0.04,0.04,4000000.0,24.42703492343414
1106,Hristiyan Petrov,SC Heerenveen,eredivisie,Netherlands,24,Defender,505.0,0.0,0.0,0.0,0.0,500000.0,24.417219431030922
1107,Andreas Pyndt,FC Fredericia,superliga,Denmark,25,Midfield,1303.0,0.0,3.0,0.0,0.207,600000.0,24.384748489190816
1108,Tijs Velthuis,PEC Zwolle,eredivisie,Netherlands,24,Defender,568.0,0.0,0.0,0.0,0.0,500000.0,24.320704888483938
1109,Kiki Kouyaté,Royal Antwerp FC,jupiler-pro-league,Belgium,29,Defender,1139.0,1.0,0.0,0.079,0.0,1500000.0,24.22524590280513
1110,Miguel Crespo,Basaksehir FK,super-lig,Türkiye,30,Midfield,1104.0,0.0,5.0,0.0,0.408,2000000.0,24.216464238741555
1111,Lincoln,FC Alverca,liga-portugal,Portugal,28,Midfield,2376.0,2.0,5.0,0.076,0.189,3500000.0,24.17457264619389
1112,Samuel Ballet,Antalyaspor,super-lig,Türkiye,25,Attack,1720.0,5.0,1.0,0.262,0.052,2000000.0,24.111385830186823
1113,Tobias Bach,Vejle Boldklub,superliga,Denmark,23,Attack,753.0,1.0,3.0,0.12,0.359,650000.0,24.081168931167085
1114,Kenzo Goudmijn,Go Ahead Eagles,eredivisie,Netherlands,25,Midfield,762.0,0.0,0.0,0.0,0.0,700000.0,24.030214936252232
1115,Yarlen,CD Tondela,liga-portugal,Portugal,20,Attack,450.0,0.0,0.0,0.0,0.0,,23.9820316253582
1116,Marco Rente,FC Groningen,eredivisie,Netherlands,29,Defender,2279.0,3.0,4.0,0.118,0.158,1300000.0,23.964428180129612
1117,Norman Campbell,Randers FC,superliga,Denmark,27,Attack,755.0,2.0,2.0,0.238,0.238,800000.0,23.93473981103367
1118,Matthew Hoppe,Sönderjyske Fodbold,superliga,Denmark,25,Attack,1224.0,4.0,0.0,0.294,0.0,700000.0,23.9064009685585
1119,Leo Greiml,NAC Breda,eredivisie,Netherlands,25,Defender,1135.0,1.0,0.0,0.079,0.0,900000.0,23.851120712678924
1120,Lucas Soares,CD Santa Clara,liga-portugal,Portugal,28,Defender,2080.0,0.0,0.0,0.0,0.0,1500000.0,23.84170755928913
1121,Anfernee Dijksteel,Kocaelispor,super-lig,Türkiye,30,Defender,2687.0,0.0,0.0,0.0,0.0,1200000.0,23.80113333166375
1122,Luuk Brouwers,SC Heerenveen,eredivisie,Netherlands,28,Midfield,1939.0,5.0,6.0,0.232,0.278,1500000.0,23.764648280630244
1123,Uros Racic,Aris Thessalonikis,super-league-1,Greece,28,Midfield,1963.0,2.0,1.0,0.092,0.046,3000000.0,23.75065169632866
1124,Aurelio Oehlers,FC Volendam,eredivisie,Netherlands,22,Attack,1538.0,4.0,1.0,0.234,0.059,500000.0,23.724533215206463
1125,Nordin Jackers,Club Brugge KV,jupiler-pro-league,Belgium,29,Goalkeeper,1421.0,0.0,0.0,0.0,0.0,1200000.0,23.720429346710027
1126,Dante Vanzeir,Cercle Brugge,jupiler-pro-league,Belgium,28,Attack,461.0,1.0,1.0,0.195,0.195,1800000.0,23.657837074574974
1127,Rob Schoofs,KV Mechelen,jupiler-pro-league,Belgium,32,Midfield,531.0,2.0,0.0,0.339,0.0,2000000.0,23.63022081795221
1128,Daniel Podence,Olympiakos Syndesmos Filathlon Peiraios,super-league-1,Greece,31,Attack,1148.0,2.0,5.0,0.157,0.392,4000000.0,23.595527527010546
1129,Shavy Babicka,Fatih Karagümrük,super-lig,Türkiye,26,Attack,859.0,1.0,2.0,0.105,0.21,1500000.0,23.53506671157924
1130,Boris Popović,FC Arouca,liga-portugal,Portugal,26,Defender,1158.0,1.0,0.0,0.078,0.0,1000000.0,23.49457695022965
1131,João Silva,CD Tondela,liga-portugal,Portugal,27,Defender,996.0,1.0,0.0,0.09,0.0,1500000.0,23.41817640333775
1132,Show,Kocaelispor,super-lig,Türkiye,27,Midfield,2321.0,0.0,0.0,0.0,0.0,1500000.0,23.399858774874865
1133,László Bénes,Kayserispor,super-lig,Türkiye,29,Midfield,2581.0,7.0,2.0,0.244,0.07,2500000.0,23.357930485565312
1134,Arif Boşluk,Konyaspor,super-lig,Türkiye,23,Defender,774.0,0.0,0.0,0.0,0.0,800000.0,23.334775728532506
1135,Kaique Rocha,Casa Pia AC,liga-portugal,Portugal,25,Defender,497.0,1.0,0.0,0.181,0.0,1000000.0,23.28831706758635
1136,Nabil Touaizi,FC Alverca,liga-portugal,Portugal,25,Midfield,2818.0,1.0,5.0,0.032,0.16,800000.0,23.25071935530765
1137,Vinícius Lopes,CD Santa Clara,liga-portugal,Portugal,27,Attack,1540.0,6.0,1.0,0.351,0.058,2500000.0,23.237794992002588
1138,Nodar Lominadze,GD Estoril Praia,liga-portugal,Portugal,24,Midfield,645.0,2.0,0.0,0.279,0.0,700000.0,23.193600902349278
1139,Paul Izzo,Randers FC,superliga,Denmark,31,Goalkeeper,1530.0,0.0,0.0,0.0,0.0,500000.0,23.1051970935256
1140,Bart Nieuwkoop,Feyenoord Rotterdam,eredivisie,Netherlands,30,Defender,541.0,1.0,0.0,0.166,0.0,1500000.0,23.09412005815959
1141,Enrique Lofolomo,Zulte Waregem,jupiler-pro-league,Belgium,26,Midfield,873.0,0.0,1.0,0.0,0.103,1000000.0,22.876636749871704
1142,Júnior Brumado,FC Midtjylland,superliga,Denmark,27,Attack,870.0,5.0,2.0,0.517,0.207,800000.0,22.870120255894545
1143,Jesper Ceesay,Antalyaspor,super-lig,Türkiye,25,Midfield,2138.0,0.0,0.0,0.0,0.0,1500000.0,22.709564690203305
1144,Jules Gaudin,Royal Charleroi Sporting Club,jupiler-pro-league,Belgium,26,Defender,585.0,0.0,0.0,0.0,0.0,500000.0,22.584199889770204
1145,Gonçalo Costa,GD Estoril Praia,liga-portugal,Portugal,26,Defender,561.0,0.0,1.0,0.0,0.16,600000.0,22.47937485927641
1146,Daniel Rivas,Avs Futebol,liga-portugal,Portugal,25,Defender,1527.0,0.0,1.0,0.0,0.059,500000.0,22.38127629596531
1147,Jona Niemiec,Odense Boldklub,superliga,Denmark,25,Attack,534.0,3.0,1.0,0.506,0.169,550000.0,22.360593760996114
1148,Lion Lauberbach,KV Mechelen,jupiler-pro-league,Belgium,28,Attack,1872.0,6.0,1.0,0.288,0.048,1700000.0,22.316541363700022
1149,Thierry Lutonda,RAAL La Louvière,jupiler-pro-league,Belgium,26,Defender,1539.0,1.0,0.0,0.058,0.0,600000.0,22.256262375534753
1150,Kevin Yakob,Aarhus GF,superliga,Denmark,26,Midfield,841.0,3.0,3.0,0.321,0.321,850000.0,22.243979300456477
1151,Younes Bakiz,Silkeborg IF,superliga,Denmark,27,Midfield,1160.0,2.0,3.0,0.155,0.233,1500000.0,22.216591237489713
1152,Mahamadou Susoho,Kocaelispor,super-lig,Türkiye,21,Midfield,515.0,0.0,0.0,0.0,0.0,1000000.0,22.19752361908032
1153,Bernardo Schappo,CF Estrela Amadora,liga-portugal,Portugal,27,Defender,2055.0,0.0,0.0,0.0,0.0,750000.0,21.71745057488167
1154,Thibaud Verlinden,Oud-Heverlee Leuven,jupiler-pro-league,Belgium,27,Attack,1189.0,2.0,4.0,0.151,0.303,1200000.0,21.699177064644466
1155,Mattheos Mountes,APS Atromitos Athinon,super-league-1,Greece,23,Defender,1439.0,0.0,0.0,0.0,0.0,600000.0,21.636197961942237
1156,Can Keleş,Kocaelispor,super-lig,Türkiye,25,Attack,852.0,0.0,1.0,0.0,0.106,1200000.0,21.626755579133825
1157,Dani Fernández,A.G.S Asteras Tripolis,super-league-1,Greece,29,Defender,932.0,0.0,0.0,0.0,0.0,700000.0,21.59807340081328
1158,Abdülkadir Ömür,Antalyaspor,super-lig,Türkiye,27,Midfield,1322.0,0.0,2.0,0.0,0.136,1500000.0,21.430297021764048
1159,Samet Karakoç,Antalyaspor,super-lig,Türkiye,24,Defender,595.0,0.0,3.0,0.0,0.454,500000.0,21.362757684742853
1160,Sayfallah Ltaief,Sparta Rotterdam,eredivisie,Netherlands,26,Midfield,512.0,1.0,0.0,0.176,0.0,1300000.0,21.306709504512387
1161,Hyun-seok Hong,KAA Gent,jupiler-pro-league,Belgium,27,Midfield,478.0,1.0,1.0,0.188,0.188,2500000.0,21.30608136580907
1162,Konstantinos Galanopoulos,Aris Thessalonikis,super-league-1,Greece,29,Midfield,917.0,0.0,0.0,0.0,0.0,900000.0,21.285642699827047
1163,Ethan Brooks,Panserraikos Serres,super-league-1,Greece,25,Midfield,787.0,0.0,1.0,0.0,0.114,600000.0,21.251350713141882
1164,Giannis Theodosoulakis,Omilos Filathlon Irakliou FC,super-league-1,Greece,22,Attack,649.0,2.0,0.0,0.277,0.0,700000.0,21.242856657243376
1165,İlkay Gündoğan,Galatasaray,super-lig,Türkiye,36,Midfield,1391.0,2.0,4.0,0.129,0.259,2000000.0,21.221355078500242
1166,Mathias Rasmussen,Union Saint-Gilloise,jupiler-pro-league,Belgium,29,Midfield,708.0,2.0,1.0,0.254,0.127,2000000.0,21.184820289538344
1167,Pablo Ruan,CD Nacional,liga-portugal,Portugal,23,Attack,860.0,0.0,0.0,0.0,0.0,500000.0,21.025951824141554
1168,Joan Sastre,Panthessalonikios Athlitikos Omilos Konstantinoupoliton,super-league-1,Greece,29,Defender,498.0,0.0,0.0,0.0,0.0,800000.0,21.01422037624108
1169,Çağtay Kurukalıp,Fatih Karagümrük,super-lig,Türkiye,24,Defender,1271.0,0.0,2.0,0.0,0.142,600000.0,21.006224738644843
1170,Yalçın Kayan,Samsunspor,super-lig,Türkiye,27,Midfield,836.0,0.0,3.0,0.0,0.323,1000000.0,20.94584971341343
1171,Yusuf Sarı,Basaksehir FK,super-lig,Türkiye,28,Attack,1469.0,1.0,7.0,0.061,0.429,4000000.0,20.756097117318635
1172,Makan Aïko,CD Tondela,liga-portugal,Portugal,25,Attack,1059.0,1.0,2.0,0.085,0.17,900000.0,20.7354556670405
1173,Takuma Ominami,Oud-Heverlee Leuven,jupiler-pro-league,Belgium,29,Defender,1121.0,0.0,1.0,0.0,0.08,1000000.0,20.707077545068557
1174,Renato Sanches,Panathinaikos Athlitikos Omilos,super-league-1,Greece,29,Midfield,471.0,1.0,1.0,0.191,0.191,2000000.0,20.68224063372875
1175,Umut Bozok,Eyüpspor,super-lig,Türkiye,30,Attack,2101.0,6.0,6.0,0.257,0.257,1500000.0,20.65655025499848
1176,Jeremy Antonisse,Athlitiki Enosi Kifisias,super-league-1,Greece,24,Attack,1567.0,1.0,2.0,0.057,0.115,800000.0,20.580532607701322
1177,Marko Pjaca,FC Twente Enschede,eredivisie,Netherlands,31,Attack,912.0,2.0,1.0,0.197,0.099,1500000.0,20.569807620485342
1178,Hendrik Van Crombrugge,KRC Genk,jupiler-pro-league,Belgium,33,Goalkeeper,1080.0,0.0,0.0,0.0,0.0,900000.0,20.468259721127104
1179,Koki Ogawa,NEC Nijmegen,eredivisie,Netherlands,29,Attack,1274.0,8.0,4.0,0.565,0.283,2000000.0,20.44901630221968
1180,Sherel Floranus,PEC Zwolle,eredivisie,Netherlands,28,Defender,2801.0,1.0,3.0,0.032,0.096,800000.0,20.430235566542922
1181,Youssef El Kachati,NEC Nijmegen,eredivisie,Netherlands,27,Attack,500.0,3.0,3.0,0.54,0.54,650000.0,20.412890800778634
1182,Gaius Makouta,Alanyaspor,super-lig,Türkiye,29,Midfield,2673.0,1.0,0.0,0.034,0.0,2000000.0,20.40006078394326
1183,Deian Sorescu,Gaziantep FK,super-lig,Türkiye,29,Defender,1555.0,3.0,2.0,0.174,0.116,1500000.0,20.356980712080723
1184,Martin Hongla,Aris Thessalonikis,super-league-1,Greece,28,Midfield,632.0,0.0,0.0,0.0,0.0,1200000.0,20.349922344005133
1185,Olivier Ntcham,Samsunspor,super-lig,Türkiye,30,Midfield,1610.0,2.0,1.0,0.112,0.056,2000000.0,20.347152438208944
1186,Stijn Spierings,Bröndby IF,superliga,Denmark,30,Midfield,817.0,2.0,1.0,0.22,0.11,1800000.0,20.2649156606408
1187,Tonni Adamsen,Silkeborg IF,superliga,Denmark,32,Attack,1818.0,8.0,3.0,0.396,0.149,1500000.0,20.253152484241703
1188,Lenny Lobato,Panetolikos Agrinio,super-league-1,Greece,25,Attack,493.0,0.0,0.0,0.0,0.0,800000.0,20.221041042553416
1189,Samuel Gueulette,RAAL La Louvière,jupiler-pro-league,Belgium,26,Midfield,995.0,0.0,0.0,0.0,0.0,500000.0,20.21967152138307
1190,Nihad Mujakic,Gaziantep FK,super-lig,Türkiye,28,Defender,854.0,0.0,0.0,0.0,0.0,1200000.0,20.191081442809786
1191,Rafael Brito,Casa Pia AC,liga-portugal,Portugal,24,Midfield,1520.0,2.0,1.0,0.118,0.059,600000.0,20.185168382116686
1192,Hevertton,Gil Vicente FC,liga-portugal,Portugal,25,Defender,865.0,0.0,1.0,0.0,0.104,800000.0,20.18268238867244
1193,Prince Ampem,Eyüpspor,super-lig,Türkiye,28,Attack,631.0,2.0,0.0,0.285,0.0,1500000.0,20.159603871118744
1194,Nicolas Bürgy,Odense Boldklub,superliga,Denmark,31,Defender,1737.0,2.0,0.0,0.104,0.0,800000.0,20.08046004413651
1195,Stefan Velkov,Vejle Boldklub,superliga,Denmark,30,Defender,1799.0,4.0,0.0,0.2,0.0,650000.0,20.060199114532818
1196,Mortadha Ben Ouanes,Kasimpasa,super-lig,Türkiye,32,Attack,2279.0,2.0,6.0,0.079,0.237,1500000.0,20.050632033034578
1197,Christian Burgess,Union Saint-Gilloise,jupiler-pro-league,Belgium,35,Defender,2337.0,2.0,4.0,0.077,0.154,1800000.0,20.042780330504737
1198,Evert Linthorst,Go Ahead Eagles,eredivisie,Netherlands,26,Midfield,1484.0,1.0,2.0,0.061,0.121,1200000.0,20.012028187728628
1199,Loide Augusto,Caykur Rizespor,super-lig,Türkiye,26,Attack,1163.0,3.0,3.0,0.232,0.232,1200000.0,19.995545421567094
1200,Samuel Moutoussamy,APS Atromitos Athinon,super-league-1,Greece,30,Midfield,1761.0,3.0,0.0,0.153,0.0,1200000.0,19.980487212323645
1201,Rob Schoofs,Union Saint-Gilloise,jupiler-pro-league,Belgium,32,Midfield,1099.0,2.0,3.0,0.164,0.246,2000000.0,19.946168931806927
1202,Karol Linetty,Kocaelispor,super-lig,Türkiye,31,Midfield,1527.0,0.0,3.0,0.0,0.177,1200000.0,19.936781553826332
1203,Antonis Tsiftsis,Panthessalonikios Athlitikos Omilos Konstantinoupoliton,super-league-1,Greece,27,Goalkeeper,1029.0,0.0,0.0,0.0,0.0,1200000.0,19.92936506113115
1204,Wout Weghorst,Ajax Amsterdam,eredivisie,Netherlands,34,Attack,1782.0,8.0,4.0,0.404,0.202,2000000.0,19.83916233367273
1205,Denis Drăguș,Eyüpspor,super-lig,Türkiye,27,Attack,878.0,0.0,0.0,0.0,0.0,2000000.0,19.822892811038997
1206,Gustavo Assunção,Avs Futebol,liga-portugal,Portugal,26,Midfield,688.0,0.0,0.0,0.0,0.0,1500000.0,19.748614389173888
1207,Tom Dele-Bashiru,Gençlerbirliği Spor Kulübü,super-lig,Türkiye,27,Midfield,2362.0,0.0,1.0,0.0,0.038,1800000.0,19.70809501740726
1208,Yunus Emre Çift,Samsunspor,super-lig,Türkiye,23,Defender,748.0,0.0,0.0,0.0,0.0,600000.0,19.70600109408891
1209,Léo Santos,CD Nacional,liga-portugal,Portugal,28,Defender,2719.0,3.0,2.0,0.099,0.066,1000000.0,19.50259026626477
1210,Yvann Maçon,Athlitiki Enosi Larisas,super-league-1,Greece,28,Defender,800.0,0.0,0.0,0.0,0.0,800000.0,19.47925329267714
1211,Gerson Sousa,Athlitiki Enosi Kifisias,super-league-1,Greece,24,Attack,914.0,0.0,1.0,0.0,0.098,700000.0,19.4728969546738
1212,Zé Carlos,Gil Vicente FC,liga-portugal,Portugal,25,Midfield,1198.0,0.0,1.0,0.0,0.075,800000.0,19.352410692962675
1213,Simon Elisor,FC Famalicão,liga-portugal,Portugal,27,Attack,2055.0,1.0,2.0,0.044,0.088,1500000.0,19.338031300051053
1214,Riechedly Bazoer,Konyaspor,super-lig,Türkiye,30,Defender,928.0,0.0,0.0,0.0,0.0,1500000.0,19.335327983286813
1215,Tino Kadewere,Aris Thessalonikis,super-league-1,Greece,30,Attack,459.0,0.0,0.0,0.0,0.0,1500000.0,19.32563372622649
1216,Tin Jedvaj,Panathinaikos Athlitikos Omilos,super-league-1,Greece,31,Defender,1158.0,4.0,0.0,0.311,0.0,2000000.0,19.29455444027308
1217,Mehdi Taremi,Olympiakos Syndesmos Filathlon Peiraios,super-league-1,Greece,34,Attack,1077.0,10.0,4.0,0.836,0.334,2000000.0,19.26678858559731
1218,Yalçın Kayan,Eyüpspor,super-lig,Türkiye,27,Midfield,884.0,0.0,2.0,0.0,0.204,1000000.0,19.228796213642894
1219,Berkay Özcan,Fatih Karagümrük,super-lig,Türkiye,28,Midfield,2376.0,0.0,2.0,0.0,0.076,1200000.0,19.2131378658818
1220,Martín Fernández,Gil Vicente FC,liga-portugal,Portugal,23,Midfield,685.0,1.0,1.0,0.131,0.131,450000.0,19.166221747909066
1221,Giovanni van Zwam,Go Ahead Eagles,eredivisie,Netherlands,22,Defender,685.0,0.0,0.0,0.0,0.0,300000.0,19.146803041510886
1222,Ola Solbakken,FC Nordsjaelland,superliga,Denmark,28,Attack,1171.0,6.0,1.0,0.461,0.077,1500000.0,19.048074283094707
1223,Berat Özdemir,Basaksehir FK,super-lig,Türkiye,28,Midfield,920.0,0.0,0.0,0.0,0.0,2500000.0,18.993927582026213
1224,Tanguy Coulibaly,Samsunspor,super-lig,Türkiye,25,Attack,747.0,2.0,0.0,0.241,0.0,1200000.0,18.970418315918284
1225,Wessel Dammers,Randers FC,superliga,Denmark,31,Defender,1935.0,1.0,2.0,0.047,0.093,800000.0,18.946370259612014
1226,Liziero,CD Nacional,liga-portugal,Portugal,28,Midfield,2347.0,0.0,4.0,0.0,0.153,1500000.0,18.909726716418785
1227,Georgios Katris,Panathinaikos Athlitikos Omilos,super-league-1,Greece,21,Defender,468.0,0.0,0.0,0.0,0.0,500000.0,18.876006063935897
1228,Antoine Bernier,Royal Charleroi Sporting Club,jupiler-pro-league,Belgium,29,Attack,1650.0,3.0,2.0,0.164,0.109,1500000.0,18.871746347598744
1229,Sékou Koïta,Gençlerbirliği Spor Kulübü,super-lig,Türkiye,27,Attack,1733.0,6.0,0.0,0.312,0.0,2500000.0,18.83731666826861
1230,Soner Gönül,Samsunspor,super-lig,Türkiye,29,Defender,810.0,0.0,0.0,0.0,0.0,500000.0,18.80270842661124
1231,Rami Al Hajj,Silkeborg IF,superliga,Denmark,25,Midfield,895.0,0.0,0.0,0.0,0.0,500000.0,18.791792122858013
1232,Thomas Van den Keybus,KVC Westerlo,jupiler-pro-league,Belgium,25,Midfield,910.0,1.0,0.0,0.099,0.0,700000.0,18.777556245908578
1233,Visar Musliu,Sint-Truidense VV,jupiler-pro-league,Belgium,32,Defender,1688.0,0.0,0.0,0.0,0.0,1000000.0,18.71708637044976
1234,Leonel Montano,Silkeborg IF,superliga,Denmark,27,Defender,476.0,0.0,2.0,0.0,0.378,150000.0,18.65056469739505
1235,Óscar Gil,Oud-Heverlee Leuven,jupiler-pro-league,Belgium,28,Defender,2023.0,2.0,0.0,0.089,0.0,800000.0,18.6488513450778
1236,André Ferreira,Moreirense FC,liga-portugal,Portugal,30,Goalkeeper,1980.0,0.0,1.0,0.0,0.045,600000.0,18.61588464129561
1237,Brynjólfur Willumsson,FC Groningen,eredivisie,Netherlands,26,Attack,1208.0,6.0,0.0,0.447,0.0,900000.0,18.58526179908273
1238,Manolis Siopis,Panathinaikos Athlitikos Omilos,super-league-1,Greece,32,Midfield,990.0,0.0,0.0,0.0,0.0,1200000.0,18.478102788630217
1239,Maranhão,CD Tondela,liga-portugal,Portugal,27,Attack,2472.0,6.0,3.0,0.218,0.109,1500000.0,18.43538195624378
1240,João Mário,Athlitiki Enosi Konstantinoupoleos,super-league-1,Greece,33,Midfield,1028.0,1.0,1.0,0.088,0.088,1500000.0,18.330716257567662
1241,Nihad Mujakic,Eyüpspor,super-lig,Türkiye,28,Defender,1349.0,0.0,1.0,0.0,0.067,1200000.0,18.30830295058109
1242,Mohamed Berte,FCV Dender EH,jupiler-pro-league,Belgium,24,Attack,654.0,1.0,0.0,0.138,0.0,650000.0,18.30734597553279
1243,Dailon Livramento,Casa Pia AC,liga-portugal,Portugal,25,Attack,940.0,0.0,1.0,0.0,0.096,800000.0,18.29663200129149
1244,Simon Janssen,Excelsior Rotterdam,eredivisie,Netherlands,26,Defender,507.0,0.0,1.0,0.0,0.178,400000.0,18.277688403702303
1245,Ibrahim Olawoyin,Caykur Rizespor,super-lig,Türkiye,29,Midfield,2041.0,1.0,1.0,0.044,0.044,2200000.0,18.269534514961595
1246,Olivier Kemen,Basaksehir FK,super-lig,Türkiye,30,Midfield,2300.0,0.0,3.0,0.0,0.117,2500000.0,18.267185796240064
1247,Milot Rashica,Beşiktaş Jimnastik Kulübü,super-lig,Türkiye,30,Attack,975.0,1.0,3.0,0.092,0.277,3500000.0,18.265888033792226
1248,Thalisson,Gençlerbirliği Spor Kulübü,super-lig,Türkiye,28,Defender,2529.0,2.0,0.0,0.071,0.0,700000.0,18.223209599408978
1249,Magomed Ozdoev,Panthessalonikios Athlitikos Omilos Konstantinoupoliton,super-league-1,Greece,34,Midfield,1601.0,7.0,3.0,0.394,0.169,1200000.0,18.190871940366378
1250,Juninho Bacuna,FC Volendam,eredivisie,Netherlands,29,Midfield,709.0,0.0,2.0,0.0,0.254,1700000.0,18.033734898224882
1251,Djevencio van der Kust,Heracles Almelo,eredivisie,Netherlands,25,Defender,1207.0,0.0,2.0,0.0,0.149,350000.0,18.013691055411506
1252,Matheus Mendes,FC Alverca,liga-portugal,Portugal,27,Goalkeeper,810.0,0.0,0.0,0.0,0.0,600000.0,18.00608356542091
1253,Zafer Görgen,Gaziantep FK,super-lig,Türkiye,26,Goalkeeper,1800.0,0.0,0.0,0.0,0.0,800000.0,18.003019742426215
1254,Luís Semedo,Moreirense FC,liga-portugal,Portugal,23,Attack,989.0,3.0,0.0,0.273,0.0,600000.0,17.890384515866106
1255,Jin-ho Jo,Konyaspor,super-lig,Türkiye,23,Midfield,1101.0,1.0,1.0,0.082,0.082,1000000.0,17.86014381628538
1256,Naïs Djouahra,FC Arouca,liga-portugal,Portugal,27,Attack,2744.0,6.0,3.0,0.197,0.098,1500000.0,17.83664783092673
1257,Cengiz Ünder,Beşiktaş Jimnastik Kulübü,super-lig,Türkiye,29,Attack,1165.0,5.0,3.0,0.386,0.232,4000000.0,17.71003184653779
1258,Sean Klaiber,Bröndby IF,superliga,Denmark,32,Defender,1139.0,0.0,2.0,0.0,0.158,900000.0,17.647348965483676
1259,Dennis Praet,Royal Antwerp FC,jupiler-pro-league,Belgium,32,Midfield,1755.0,0.0,0.0,0.0,0.0,1500000.0,17.62756271074021
1260,Fernando,CD Santa Clara,liga-portugal,Portugal,21,Attack,583.0,1.0,2.0,0.154,0.309,400000.0,17.593399626104812
1261,Leeroy Owusu,Odense Boldklub,superliga,Denmark,30,Defender,1835.0,1.0,2.0,0.049,0.098,1000000.0,17.584497650525947
1262,Cedric Teguia,Moreirense FC,liga-portugal,Portugal,25,Attack,849.0,0.0,0.0,0.0,0.0,800000.0,17.535027023258255
1263,Rodrigo Conceição,CD Tondela,liga-portugal,Portugal,26,Defender,1431.0,1.0,0.0,0.063,0.0,500000.0,17.528218063561646
1264,Stavros Gavriel,Zulte Waregem,jupiler-pro-league,Belgium,24,Attack,600.0,1.0,1.0,0.15,0.15,600000.0,17.52713298715274
1265,Jandro Orellana,GD Estoril Praia,liga-portugal,Portugal,26,Midfield,1316.0,0.0,1.0,0.0,0.068,1000000.0,17.523797169493523
1266,Jure Balkovec,Fatih Karagümrük,super-lig,Türkiye,32,Defender,1514.0,0.0,0.0,0.0,0.0,1200000.0,17.501172602597926
1267,Ferro,GD Estoril Praia,liga-portugal,Portugal,29,Defender,1634.0,2.0,0.0,0.11,0.0,1000000.0,17.44364000539977
1268,André Lacximicant,GD Estoril Praia,liga-portugal,Portugal,25,Attack,1213.0,3.0,2.0,0.223,0.148,800000.0,17.349268436113466
1269,Bas Kuipers,FC Arouca,liga-portugal,Portugal,32,Defender,1352.0,1.0,2.0,0.067,0.133,800000.0,17.319490004342523
1270,Muhammed Kadıoğlu,Fatih Karagümrük,super-lig,Türkiye,19,Defender,589.0,0.0,0.0,0.0,0.0,200000.0,17.277067856238354
1271,Serhat Öztaşdelen,Kocaelispor,super-lig,Türkiye,22,Goalkeeper,630.0,0.0,0.0,0.0,0.0,600000.0,17.27605161600488
1272,Robin Pröpper,FC Twente Enschede,eredivisie,Netherlands,33,Defender,1717.0,0.0,0.0,0.0,0.0,1200000.0,17.20504887787951
1273,Bruno Langa,CF Estrela Amadora,liga-portugal,Portugal,29,Defender,895.0,0.0,0.0,0.0,0.0,1000000.0,17.20191010811696
1274,Chiheb Labidi,CD Nacional,liga-portugal,Portugal,25,Midfield,1622.0,1.0,1.0,0.055,0.055,500000.0,17.172791522740617
1275,Meschack Elia,Alanyaspor,super-lig,Türkiye,29,Attack,813.0,3.0,0.0,0.332,0.0,1500000.0,17.14825608374548
1276,Tiago Manso,CD Tondela,liga-portugal,Portugal,27,Defender,1535.0,1.0,1.0,0.059,0.059,900000.0,17.099797297485615
1277,Ozan Tufan,Trabzonspor,super-lig,Türkiye,31,Midfield,1430.0,1.0,2.0,0.063,0.126,1500000.0,17.052512469243982
1278,Zan Zuzek,Gençlerbirliği Spor Kulübü,super-lig,Türkiye,29,Defender,2744.0,2.0,1.0,0.066,0.033,700000.0,17.03401319675793
1279,Soualiho Meïté,Panthessalonikios Athlitikos Omilos Konstantinoupoliton,super-league-1,Greece,32,Midfield,1472.0,0.0,0.0,0.0,0.0,1600000.0,17.010154046091685
1280,Maxence Maisonneuve,RAAL La Louvière,jupiler-pro-league,Belgium,27,Defender,1917.0,0.0,1.0,0.0,0.047,600000.0,17.006261825755015
1281,Kobe Cools,FCV Dender EH,jupiler-pro-league,Belgium,29,Defender,1314.0,0.0,0.0,0.0,0.0,600000.0,16.894350067197337
1282,Florian Grillitsch,SC Braga,liga-portugal,Portugal,31,Midfield,1129.0,1.0,1.0,0.08,0.08,2500000.0,16.81469784993685
1283,Guillermo Balzi,APO Levadiakos Football Club,super-league-1,Greece,25,Midfield,1258.0,3.0,5.0,0.215,0.358,1000000.0,16.797132311377094
1284,Yusuf Kabadayi,Gaziantep FK,super-lig,Türkiye,22,Attack,604.0,1.0,0.0,0.149,0.0,1200000.0,16.76200461215819
1285,Patrick Brouwer,SC Telstar,eredivisie,Netherlands,25,Midfield,2298.0,7.0,6.0,0.274,0.235,750000.0,16.727407934121164
1286,Gelson Martins,Olympiakos Syndesmos Filathlon Peiraios,super-league-1,Greece,31,Attack,1285.0,2.0,2.0,0.14,0.14,2500000.0,16.7062493104044
1287,Marios Tsaousis,Panserraikos Serres,super-league-1,Greece,26,Defender,1725.0,0.0,1.0,0.0,0.052,500000.0,16.688733307671495
1288,Alfonso Trezza,FC Arouca,liga-portugal,Portugal,27,Attack,2329.0,9.0,3.0,0.348,0.116,1500000.0,16.667128978054276
1289,Alex Petkov,Athlitiki Enosi Kifisias,super-league-1,Greece,27,Defender,996.0,0.0,0.0,0.0,0.0,600000.0,16.637759430341077
1290,Timo Jansink,Heracles Almelo,eredivisie,Netherlands,23,Goalkeeper,1350.0,0.0,0.0,0.0,0.0,150000.0,16.607992424069145
1291,Jay-Roy Grot,Odense Boldklub,superliga,Denmark,28,Attack,1621.0,7.0,3.0,0.389,0.167,750000.0,16.599010255078507
1292,Javi Sánchez,FC Arouca,liga-portugal,Portugal,29,Defender,1227.0,0.0,1.0,0.0,0.073,800000.0,16.571480217431176
1293,Arda Kızıldağ,Gaziantep FK,super-lig,Türkiye,28,Defender,1766.0,1.0,0.0,0.051,0.0,800000.0,16.520932029867286
1294,Noah Sonko Sundberg,Aris Thessalonikis,super-league-1,Greece,30,Defender,958.0,0.0,1.0,0.0,0.094,900000.0,16.49251072703926
1295,Oğulcan Ülgün,Gençlerbirliği Spor Kulübü,super-lig,Türkiye,28,Midfield,1621.0,4.0,4.0,0.222,0.222,1200000.0,16.486084175192207
1296,Pedro Pereira,Gençlerbirliği Spor Kulübü,super-lig,Türkiye,28,Defender,2618.0,0.0,2.0,0.0,0.069,1200000.0,16.45548776264293
1297,Pepe Castaño,A.G.S Asteras Tripolis,super-league-1,Greece,28,Defender,653.0,0.0,0.0,0.0,0.0,600000.0,16.384521687035583
1298,Adama Traoré,Gençlerbirliği Spor Kulübü,super-lig,Türkiye,31,Attack,1074.0,2.0,1.0,0.168,0.084,1500000.0,16.332798669850998
1299,Lubomir Satka,Samsunspor,super-lig,Türkiye,31,Defender,2146.0,1.0,1.0,0.042,0.042,1500000.0,16.246575725542296
1300,Enis Cokaj,APO Levadiakos Football Club,super-league-1,Greece,27,Midfield,2194.0,0.0,1.0,0.0,0.041,1000000.0,16.22348660188662
1301,Joe Hodge,CD Tondela,liga-portugal,Portugal,24,Midfield,1423.0,1.0,1.0,0.063,0.063,700000.0,16.183365053108975
1302,Roman Kvet,FCV Dender EH,jupiler-pro-league,Belgium,29,Midfield,2476.0,5.0,0.0,0.182,0.0,1200000.0,16.17065971806961
1303,Thijs Oosting,PEC Zwolle,eredivisie,Netherlands,26,Midfield,2654.0,6.0,3.0,0.203,0.102,900000.0,16.114477885628553
1304,Thibo Baeten,Go Ahead Eagles,eredivisie,Netherlands,24,Attack,772.0,1.0,3.0,0.117,0.35,500000.0,16.077944647043516
1305,Stan Henderikx,Excelsior Rotterdam,eredivisie,Netherlands,23,Defender,528.0,0.0,0.0,0.0,0.0,350000.0,16.044435269913755
1306,Güven Yalçın,Alanyaspor,super-lig,Türkiye,27,Attack,995.0,8.0,0.0,0.724,0.0,1000000.0,16.039802132950655
1307,Pedro Santos,FC Arouca,liga-portugal,Portugal,26,Midfield,766.0,0.0,0.0,0.0,0.0,600000.0,15.953608274518302
1308,Taxiarchis Fountas,Omilos Filathlon Irakliou FC,super-league-1,Greece,31,Attack,1371.0,7.0,0.0,0.46,0.0,1800000.0,15.936152279246077
1309,Rafa Soares,FC Famalicão,liga-portugal,Portugal,31,Defender,1708.0,1.0,3.0,0.053,0.158,1000000.0,15.906028539494372
1310,Christopher Lungoyi,Gaziantep FK,super-lig,Türkiye,26,Attack,1801.0,3.0,3.0,0.15,0.15,1000000.0,15.872687871169743
1311,Tamble,Rio Ave FC,liga-portugal,Portugal,26,Attack,667.0,0.0,1.0,0.0,0.135,1000000.0,15.847733042612722
1312,Devon Koswal,SC Telstar,eredivisie,Netherlands,23,Defender,1638.0,0.0,0.0,0.0,0.0,450000.0,15.720946633635577
1313,Yaya Sithole,CD Tondela,liga-portugal,Portugal,27,Midfield,1542.0,1.0,0.0,0.058,0.0,600000.0,15.691883422353936
1314,Jeh,Göztepe,super-lig,Türkiye,27,Attack,480.0,2.0,1.0,0.375,0.188,1000000.0,15.683692584250556
1315,Joris van Overeem,SC Heerenveen,eredivisie,Netherlands,32,Midfield,2933.0,2.0,9.0,0.061,0.276,1000000.0,15.665720326642498
1316,José Gomes,CD Nacional,liga-portugal,Portugal,30,Defender,2314.0,1.0,5.0,0.039,0.194,1000000.0,15.616333981880015
1317,Charles-André Raux-Yao,Eyüpspor,super-lig,Türkiye,25,Midfield,498.0,2.0,0.0,0.361,0.0,700000.0,15.551946785975298
1318,Felix Winther,FC Fredericia,superliga,Denmark,26,Midfield,1493.0,2.0,1.0,0.121,0.06,600000.0,15.533951291302303
1319,Joel Ideho,FC Volendam,eredivisie,Netherlands,23,Attack,1132.0,1.0,1.0,0.08,0.08,300000.0,15.47498192429925
1320,Anastasios Bakasetas,Panathinaikos Athlitikos Omilos,super-league-1,Greece,33,Midfield,1368.0,5.0,3.0,0.329,0.197,3000000.0,15.465118739581838
1321,Mijat Gacinovic,Athlitiki Enosi Konstantinoupoleos,super-league-1,Greece,31,Midfield,597.0,0.0,0.0,0.0,0.0,1500000.0,15.413531649179971
1322,Athanasios Androutsos,Omilos Filathlon Irakliou FC,super-league-1,Greece,29,Midfield,1981.0,2.0,1.0,0.091,0.045,700000.0,15.359004658116246
1323,Alec Van Hoorenbeeck,Heracles Almelo,eredivisie,Netherlands,28,Defender,2156.0,2.0,0.0,0.083,0.0,700000.0,15.349250239661231
1324,Anton Tanghe,Zulte Waregem,jupiler-pro-league,Belgium,27,Defender,1664.0,3.0,0.0,0.162,0.0,700000.0,15.254110853484745
1325,Jorge Meireles,CF Estrela Amadora,liga-portugal,Portugal,22,Attack,744.0,0.0,2.0,0.0,0.242,600000.0,15.23525496321398
1326,Abdu Conté,Casa Pia AC,liga-portugal,Portugal,28,Defender,1429.0,0.0,2.0,0.0,0.126,700000.0,15.193420294404003
1327,Youssouph Badji,Panetolikos Agrinio,super-league-1,Greece,25,Attack,500.0,2.0,2.0,0.36,0.36,800000.0,15.150886538371482
1328,Miguel Cardoso,Kayserispor,super-lig,Türkiye,32,Attack,2856.0,2.0,6.0,0.063,0.189,1500000.0,15.133747310449353
1329,Morten Bjørlo,Konyaspor,super-lig,Türkiye,31,Midfield,1326.0,0.0,3.0,0.0,0.204,900000.0,15.117452356484884
1330,Burak Bozan,Gaziantep FK,super-lig,Türkiye,26,Goalkeeper,1234.0,0.0,2.0,0.0,0.146,600000.0,15.102789524224185
1331,Lirim Qamili,Sönderjyske Fodbold,superliga,Denmark,28,Attack,739.0,5.0,1.0,0.609,0.122,900000.0,15.078087679310887
1332,Dylan Batubinsika,Athlitiki Enosi Larisas,super-league-1,Greece,30,Defender,720.0,0.0,0.0,0.0,0.0,600000.0,15.043328638148923
1333,Facundo Pérez,Athlitiki Enosi Larisas,super-league-1,Greece,27,Midfield,1555.0,3.0,0.0,0.174,0.0,600000.0,15.030863877163615
1334,Patrik Hrosovsky,KRC Genk,jupiler-pro-league,Belgium,34,Midfield,1004.0,1.0,1.0,0.09,0.09,1300000.0,14.995206327286859
1335,Kaj Sierhuis,Fortuna Sittardia Combinatie,eredivisie,Netherlands,28,Attack,1999.0,12.0,2.0,0.54,0.09,1800000.0,14.99465892317958
1336,Ole Pohlmann,Rio Ave FC,liga-portugal,Portugal,25,Midfield,1731.0,1.0,1.0,0.052,0.052,1500000.0,14.956586648569184
1337,Jakub Pokorny,Athlitiki Enosi Kifisias,super-league-1,Greece,30,Defender,1655.0,2.0,0.0,0.109,0.0,600000.0,14.937167623113359
1338,Tristan van Gilst,Heracles Almelo,eredivisie,Netherlands,23,Attack,1258.0,2.0,0.0,0.143,0.0,350000.0,14.889789809339318
1339,Pape Habib Guèye,Kasimpasa,super-lig,Türkiye,27,Attack,1552.0,5.0,0.0,0.29,0.0,1200000.0,14.880931170071893
1340,Alassane Ndao,Konyaspor,super-lig,Türkiye,30,Attack,799.0,2.0,3.0,0.225,0.338,1300000.0,14.858511411714781
1341,Eskild Dall,FC Fredericia,superliga,Denmark,23,Attack,641.0,1.0,2.0,0.14,0.281,150000.0,14.849169755119707
1342,Darío Benavides,RAAL La Louvière,jupiler-pro-league,Belgium,23,Defender,895.0,0.0,1.0,0.0,0.101,400000.0,14.793241365387622
1343,Yassin Oukili,Casa Pia AC,liga-portugal,Portugal,25,Midfield,462.0,0.0,0.0,0.0,0.0,700000.0,14.79032448862219
1344,João Gonçalves,Avs Futebol,liga-portugal,Portugal,26,Goalkeeper,540.0,0.0,0.0,0.0,0.0,500000.0,14.789763190216595
1345,Sami Lahssaini,RAAL La Louvière,jupiler-pro-league,Belgium,28,Midfield,2362.0,1.0,1.0,0.038,0.038,700000.0,14.770047062027139
1346,Kerem Demirbay,Kasimpasa,super-lig,Türkiye,33,Midfield,768.0,1.0,0.0,0.117,0.0,1000000.0,14.767389809003136
1347,Georgios Liavas,Rio Ave FC,liga-portugal,Portugal,25,Midfield,780.0,0.0,1.0,0.0,0.115,700000.0,14.763807014163879
1348,Jordy Clasie,AZ Alkmaar,eredivisie,Netherlands,35,Midfield,815.0,1.0,1.0,0.11,0.11,800000.0,14.662504593337292
1349,Gil Dias,FC Famalicão,liga-portugal,Portugal,30,Attack,2507.0,4.0,8.0,0.144,0.287,2000000.0,14.619719735992392
1350,Eder González,A.G.S Asteras Tripolis,super-league-1,Greece,29,Midfield,801.0,1.0,0.0,0.112,0.0,700000.0,14.46009059179757
1351,Ignacio de Arruabarrena,FC Arouca,liga-portugal,Portugal,29,Goalkeeper,1440.0,0.0,0.0,0.0,0.0,1000000.0,14.424387306730054
1352,Patrick Pflücke,Royal Charleroi Sporting Club,jupiler-pro-league,Belgium,30,Midfield,1810.0,3.0,6.0,0.149,0.298,1800000.0,14.376514008111238
1353,Dorian Hanza,Viborg FF,superliga,Denmark,25,Attack,677.0,1.0,0.0,0.133,0.0,400000.0,14.360444970536419
1354,Lukas Lerager,FC Copenhagen,superliga,Denmark,33,Midfield,1187.0,1.0,1.0,0.076,0.076,800000.0,14.302087974877118
1355,Denis Radu,Eyüpspor,super-lig,Türkiye,23,Attack,658.0,0.0,2.0,0.0,0.274,800000.0,14.293135016595917
1356,Soner Dikmen,Antalyaspor,super-lig,Türkiye,33,Midfield,2159.0,4.0,0.0,0.167,0.0,700000.0,14.147775759212458
1357,Mike van der Hoorn,FC Utrecht,eredivisie,Netherlands,34,Defender,2202.0,2.0,0.0,0.082,0.0,750000.0,14.146960494373701
1358,Jere Uronen,APS Atromitos Athinon,super-league-1,Greece,32,Defender,1734.0,0.0,3.0,0.0,0.156,700000.0,14.135019574405483
1359,Marcos Felipe,Eyüpspor,super-lig,Türkiye,30,Goalkeeper,1710.0,0.0,0.0,0.0,0.0,1500000.0,14.115413518200082
1360,Justin Lonwijk,Fortuna Sittardia Combinatie,eredivisie,Netherlands,27,Midfield,905.0,4.0,0.0,0.398,0.0,800000.0,14.108668615671316
1361,Ramzi Safuri,Antalyaspor,super-lig,Türkiye,31,Midfield,1794.0,1.0,5.0,0.05,0.251,900000.0,14.10487228497867
1362,Enzo Roco,Fatih Karagümrük,super-lig,Türkiye,34,Defender,576.0,0.0,0.0,0.0,0.0,1500000.0,14.09621743400174
1363,Daniel Jr,CD Nacional,liga-portugal,Portugal,24,Midfield,742.0,0.0,1.0,0.0,0.121,600000.0,14.03998707137481
1364,Marius Tresor Doh,Fatih Karagümrük,super-lig,Türkiye,23,Midfield,1016.0,0.0,0.0,0.0,0.0,,14.02574782507501
1365,Timipere Johnson Eboh,Athlitiki Enosi Kifisias,super-league-1,Greece,24,Midfield,1477.0,0.0,0.0,0.0,0.0,600000.0,14.000481358966082
1366,Eddy Doué,CF Estrela Amadora,liga-portugal,Portugal,21,Midfield,811.0,1.0,0.0,0.111,0.0,400000.0,13.989086905496134
1367,Maxime Pau,RAAL La Louvière,jupiler-pro-league,Belgium,26,Midfield,689.0,1.0,1.0,0.131,0.131,,13.97840046455581
1368,Karamba Gassama,Gaziantep FK,super-lig,Türkiye,21,Midfield,554.0,0.0,1.0,0.0,0.162,500000.0,13.958202243885848
1369,Henok Teklab,Oud-Heverlee Leuven,jupiler-pro-league,Belgium,28,Attack,870.0,1.0,0.0,0.103,0.0,800000.0,13.953190374309782
1370,Dylan Mbayo,PEC Zwolle,eredivisie,Netherlands,25,Attack,520.0,0.0,1.0,0.0,0.173,500000.0,13.927728999653432
1371,Nor Maviram,CD Tondela,liga-portugal,Portugal,25,Defender,1458.0,2.0,2.0,0.123,0.123,400000.0,13.915955389852543
1372,Rony Lopes,CD Tondela,liga-portugal,Portugal,31,Attack,1042.0,4.0,2.0,0.345,0.173,1200000.0,13.872723576551637
1373,Giannis Papanikolaou,Caykur Rizespor,super-lig,Türkiye,28,Midfield,1839.0,1.0,1.0,0.049,0.049,1200000.0,13.832823200784578
1374,Ali Sowe,Caykur Rizespor,super-lig,Türkiye,32,Attack,2291.0,8.0,4.0,0.314,0.157,1500000.0,13.821469382723983
1375,Okan Kocuk,Samsunspor,super-lig,Türkiye,31,Goalkeeper,2790.0,0.0,0.0,0.0,0.0,2000000.0,13.767320951116435
1376,Marios Siampanis,Volou Neos Podosferikos Syllogos,super-league-1,Greece,27,Goalkeeper,2250.0,0.0,0.0,0.0,0.0,700000.0,13.748549406811724
1377,Dan Agyei,Kocaelispor,super-lig,Türkiye,29,Attack,2131.0,5.0,0.0,0.211,0.0,1200000.0,13.679987741730324
1378,Steve Mounié,Alanyaspor,super-lig,Türkiye,32,Attack,704.0,2.0,0.0,0.256,0.0,1500000.0,13.552688078584982
1379,Lance Duijvestijn,Sparta Rotterdam,eredivisie,Netherlands,27,Midfield,693.0,0.0,0.0,0.0,0.0,800000.0,13.518099153073763
1380,Gustavo Klismahn,CD Santa Clara,liga-portugal,Portugal,27,Midfield,1110.0,1.0,1.0,0.081,0.081,500000.0,13.488748207170396
1381,Siebe Schrijvers,Oud-Heverlee Leuven,jupiler-pro-league,Belgium,30,Midfield,1482.0,2.0,4.0,0.121,0.243,1500000.0,13.482744036955188
1382,Petros Mantalos,Athlitiki Enosi Konstantinoupoleos,super-league-1,Greece,35,Midfield,1175.0,3.0,4.0,0.23,0.306,800000.0,13.392585722400602
1383,Sébastien Haller,FC Utrecht,eredivisie,Netherlands,32,Attack,956.0,1.0,3.0,0.094,0.282,1000000.0,13.380332315780837
1384,Younes Namli,PEC Zwolle,eredivisie,Netherlands,32,Attack,1056.0,2.0,4.0,0.17,0.341,1000000.0,13.35434818761874
1385,Iva Gelashvili,Panserraikos Serres,super-league-1,Greece,25,Defender,1416.0,1.0,0.0,0.064,0.0,500000.0,13.264754739596732
1386,Nicolás Otamendi,SL Benfica,liga-portugal,Portugal,38,Defender,2605.0,2.0,3.0,0.069,0.104,1000000.0,13.264496690474688
1387,Korede Osundina,Casa Pia AC,liga-portugal,Portugal,22,Attack,697.0,2.0,0.0,0.258,0.0,350000.0,13.1802472507214
1388,Søren Tengstedt,Go Ahead Eagles,eredivisie,Netherlands,26,Midfield,690.0,4.0,0.0,0.522,0.0,700000.0,13.146040850005104
1389,Erik Ahlstrand,Heracles Almelo,eredivisie,Netherlands,25,Midfield,748.0,0.0,1.0,0.0,0.12,400000.0,13.135899394541967
1390,Okay Yokuşlu,Trabzonspor,super-lig,Türkiye,32,Midfield,883.0,1.0,0.0,0.102,0.0,1200000.0,13.124243161224342
1391,İrfan Can Kahveci,Kasimpasa,super-lig,Türkiye,31,Attack,1371.0,2.0,3.0,0.131,0.197,3000000.0,13.095369245563399
1392,Fatih Aksoy,Alanyaspor,super-lig,Türkiye,29,Defender,833.0,0.0,0.0,0.0,0.0,1000000.0,13.088148046991533
1393,Alexis Antunes,Göztepe,super-lig,Türkiye,26,Midfield,695.0,1.0,2.0,0.129,0.259,1500000.0,13.080928805057738
1394,Emil Hansson,Excelsior Rotterdam,eredivisie,Netherlands,28,Attack,579.0,1.0,1.0,0.155,0.155,750000.0,13.070140983390582
1395,Tiago Esgaio,FC Arouca,liga-portugal,Portugal,31,Defender,2464.0,3.0,5.0,0.11,0.183,1000000.0,13.057642181158648
1396,Ousseynou Ba,Basaksehir FK,super-lig,Türkiye,31,Defender,1089.0,0.0,0.0,0.0,0.0,1200000.0,13.057456071107678
1397,Celil Yüksel,Samsunspor,super-lig,Türkiye,28,Midfield,1154.0,0.0,1.0,0.0,0.078,800000.0,13.005254376764144
1398,Klidman Lilo,Omilos Filathlon Irakliou FC,super-league-1,Greece,23,Goalkeeper,692.0,0.0,0.0,0.0,0.0,500000.0,12.97315058832898
1399,Tiago Çukur,Fatih Karagümrük,super-lig,Türkiye,24,Attack,1535.0,2.0,3.0,0.117,0.176,600000.0,12.972355266433397
1400,Guilherme Schettine,Moreirense FC,liga-portugal,Portugal,31,Attack,995.0,9.0,1.0,0.814,0.09,1500000.0,12.957840473240742
1401,Sebastián Palacios,APO Levadiakos Football Club,super-league-1,Greece,34,Attack,1909.0,6.0,8.0,0.283,0.377,700000.0,12.92251268565562
1402,Samed Onur,Gençlerbirliği Spor Kulübü,super-lig,Türkiye,24,Midfield,595.0,0.0,1.0,0.0,0.151,700000.0,12.85183546235467
1403,Jannich Storch,Randers FC,superliga,Denmark,33,Goalkeeper,450.0,0.0,0.0,0.0,0.0,25000.0,12.801206418382701
1404,Atakan Çankaya,Fatih Karagümrük,super-lig,Türkiye,28,Defender,1530.0,1.0,2.0,0.059,0.118,800000.0,12.756885023865443
1405,Nicolas Janvier,Alanyaspor,super-lig,Türkiye,28,Midfield,1532.0,1.0,1.0,0.059,0.059,700000.0,12.714214277721386
1406,Salih Uçan,Beşiktaş Jimnastik Kulübü,super-lig,Türkiye,32,Midfield,514.0,0.0,0.0,0.0,0.0,800000.0,12.668246946452493
1407,Jovane Cabral,CF Estrela Amadora,liga-portugal,Portugal,28,Attack,1679.0,7.0,1.0,0.375,0.054,1000000.0,12.646520138387046
1408,Eli Dasa,NEC Nijmegen,eredivisie,Netherlands,34,Defender,1815.0,1.0,0.0,0.05,0.0,700000.0,12.644579924602976
1409,Ogün Bayrak,Göztepe,super-lig,Türkiye,28,Midfield,552.0,0.0,1.0,0.0,0.163,700000.0,12.588042692579817
1410,Florent Hadergjonaj,Alanyaspor,super-lig,Türkiye,32,Midfield,2212.0,6.0,10.0,0.244,0.407,1800000.0,12.583341275462907
1411,Alen Ozbolt,APO Levadiakos Football Club,super-league-1,Greece,30,Attack,1376.0,10.0,4.0,0.654,0.262,700000.0,12.477652788405743
1412,Luka Kulenovic,Heracles Almelo,eredivisie,Netherlands,27,Attack,1625.0,5.0,3.0,0.277,0.166,650000.0,12.472192169032676
1413,Mathias Greve,Randers FC,superliga,Denmark,31,Attack,1644.0,1.0,1.0,0.055,0.055,800000.0,12.458020129042746
1414,Ianis Hagi,Alanyaspor,super-lig,Türkiye,28,Midfield,1404.0,3.0,2.0,0.192,0.128,1800000.0,12.452722481782185
1415,Casper Nielsen,Standard Liège,jupiler-pro-league,Belgium,32,Midfield,1257.0,2.0,2.0,0.143,0.143,1500000.0,12.449548794516096
1416,Paulinho Bóia,CD Nacional,liga-portugal,Portugal,28,Attack,2826.0,4.0,2.0,0.127,0.064,1200000.0,12.448127831067486
1417,Rigoberto Rivas,Kocaelispor,super-lig,Türkiye,28,Attack,1176.0,1.0,1.0,0.077,0.077,1200000.0,12.441116727106493
1418,Ilias Bronkhorst,Excelsior Rotterdam,eredivisie,Netherlands,29,Defender,2348.0,2.0,2.0,0.077,0.077,700000.0,12.433185347465283
1419,Iván Barbero,FC Arouca,liga-portugal,Portugal,28,Attack,1904.0,8.0,2.0,0.378,0.095,1000000.0,12.42859323697984
1420,Taison,Panthessalonikios Athlitikos Omilos Konstantinoupoliton,super-league-1,Greece,38,Attack,1660.0,6.0,7.0,0.325,0.38,250000.0,12.385574028215473
1421,Filip Djuricic,Panathinaikos Athlitikos Omilos,super-league-1,Greece,34,Midfield,936.0,3.0,2.0,0.288,0.192,800000.0,12.384276788923417
1422,Bruno Petkovic,Kocaelispor,super-lig,Türkiye,32,Attack,1338.0,7.0,0.0,0.471,0.0,1500000.0,12.378595228861974
1423,Fidan Aliti,Alanyaspor,super-lig,Türkiye,33,Defender,2674.0,0.0,1.0,0.0,0.034,900000.0,12.351120724045717
1424,Yan Maranhão,Moreirense FC,liga-portugal,Portugal,24,Attack,732.0,1.0,1.0,0.123,0.123,600000.0,12.333487225118352
1425,Steven Baseya,FC Alverca,liga-portugal,Portugal,21,Defender,514.0,0.0,0.0,0.0,0.0,400000.0,12.319084859177037
1426,Shogo Taniguchi,Sint-Truidense VV,jupiler-pro-league,Belgium,35,Defender,2248.0,1.0,1.0,0.04,0.04,750000.0,12.31441637668499
1427,Loren Morón,Aris Thessalonikis,super-league-1,Greece,33,Attack,1750.0,4.0,1.0,0.206,0.051,2000000.0,12.295385286088885
1428,Bryan Limbombe,Heracles Almelo,eredivisie,Netherlands,25,Attack,1309.0,1.0,3.0,0.069,0.206,400000.0,12.26254378847592
1429,Thorgan Hazard,RSC Anderlecht,jupiler-pro-league,Belgium,33,Midfield,2213.0,12.0,8.0,0.488,0.325,2000000.0,12.257549754371395
1430,Lucas Chaves,Panetolikos Agrinio,super-league-1,Greece,31,Goalkeeper,1350.0,0.0,1.0,0.0,0.067,900000.0,12.234282401673259
1431,Viktor Claesson,FC Copenhagen,superliga,Denmark,34,Attack,1002.0,3.0,1.0,0.269,0.09,1000000.0,12.217456911177168
1432,Héliton,Göztepe,super-lig,Türkiye,31,Defender,2871.0,0.0,1.0,0.0,0.031,1000000.0,12.210431463953018
1433,Nicholas Gioacchini,A.G.S Asteras Tripolis,super-league-1,Greece,26,Attack,504.0,1.0,1.0,0.179,0.179,800000.0,12.183454226217943
1434,Doğukan Sinik,Antalyaspor,super-lig,Türkiye,27,Attack,837.0,0.0,2.0,0.0,0.215,1000000.0,12.11813840454027
1435,Jordan,CD Tondela,liga-portugal,Portugal,30,Attack,1239.0,1.0,0.0,0.073,0.0,1500000.0,12.104765841267309
1436,Tamás Nikitscher,Rio Ave FC,liga-portugal,Portugal,27,Midfield,1377.0,1.0,1.0,0.065,0.065,800000.0,12.035407639721411
1437,Mohammed El Hankouri,Standard Liège,jupiler-pro-league,Belgium,29,Midfield,621.0,0.0,0.0,0.0,0.0,1200000.0,11.94720928961207
1438,Julián Bartolo,A.G.S Asteras Tripolis,super-league-1,Greece,30,Midfield,1660.0,8.0,0.0,0.434,0.0,800000.0,11.923741445622507
1439,Lance Duijvestijn,Fortuna Sittardia Combinatie,eredivisie,Netherlands,27,Midfield,1259.0,3.0,2.0,0.214,0.143,800000.0,11.91967926042362
1440,Alexandru Mățan,Panetolikos Agrinio,super-league-1,Greece,27,Midfield,1873.0,3.0,3.0,0.144,0.144,1800000.0,11.817102130087164
1441,Hisham Layous,APO Levadiakos Football Club,super-league-1,Greece,26,Attack,966.0,4.0,2.0,0.373,0.186,700000.0,11.803460427953345
1442,Panagiotis Deligiannidis,A.G.S Asteras Tripolis,super-league-1,Greece,30,Defender,477.0,0.0,0.0,0.0,0.0,450000.0,11.761001450607495
1443,Ivo Grbic,Fatih Karagümrük,super-lig,Türkiye,30,Goalkeeper,2880.0,0.0,0.0,0.0,0.0,1000000.0,11.749384177328245
1444,Andre Gray,Fatih Karagümrük,super-lig,Türkiye,35,Attack,524.0,0.0,0.0,0.0,0.0,1300000.0,11.740681929716878
1445,Lautaro Giannetti,Antalyaspor,super-lig,Türkiye,33,Defender,1794.0,1.0,1.0,0.05,0.05,1200000.0,11.727944770107452
1446,Fabian de Keijzer,Heracles Almelo,eredivisie,Netherlands,26,Goalkeeper,720.0,0.0,0.0,0.0,0.0,400000.0,11.72356799722095
1447,Marsoni Sambu,FCV Dender EH,jupiler-pro-league,Belgium,30,Defender,1562.0,0.0,5.0,0.0,0.288,700000.0,11.680922024308087
1448,Lawrence Ofori,Casa Pia AC,liga-portugal,Portugal,28,Midfield,612.0,0.0,0.0,0.0,0.0,1500000.0,11.665952725278649
1449,Benoît Nyssen,Zulte Waregem,jupiler-pro-league,Belgium,29,Defender,1591.0,2.0,2.0,0.113,0.113,600000.0,11.65820512450618
1450,Kelian Nsona,Casa Pia AC,liga-portugal,Portugal,24,Attack,480.0,1.0,1.0,0.188,0.188,600000.0,11.657321606951394
1451,Samu,Vitória Guimarães SC,liga-portugal,Portugal,30,Midfield,2039.0,7.0,3.0,0.309,0.132,2500000.0,11.643705430873206
1452,Bahadır Güngördü,Konyaspor,super-lig,Türkiye,30,Goalkeeper,1980.0,0.0,0.0,0.0,0.0,700000.0,11.606680851870568
1453,Haris Hajradinovic,Kasimpasa,super-lig,Türkiye,32,Midfield,554.0,2.0,0.0,0.325,0.0,1200000.0,11.57449316534753
1454,Fredrik Jensen,Aris Thessalonikis,super-league-1,Greece,29,Midfield,967.0,2.0,0.0,0.186,0.0,2000000.0,11.572785772437333
1455,Tidjany Touré,Gil Vicente FC,liga-portugal,Portugal,24,Attack,503.0,0.0,0.0,0.0,0.0,500000.0,11.562454105829614
1456,Dario Špikić,Rio Ave FC,liga-portugal,Portugal,27,Attack,1798.0,2.0,3.0,0.1,0.15,1000000.0,11.528081160679182
1457,Denis Makarov,Kayserispor,super-lig,Türkiye,28,Attack,647.0,0.0,0.0,0.0,0.0,1200000.0,11.433433375530939
1458,German Onugkha,Kayserispor,super-lig,Türkiye,30,Attack,1889.0,8.0,1.0,0.381,0.048,1800000.0,11.42179832466336
1459,Frantzdy Pierrot,Athlitiki Enosi Konstantinoupoleos,super-league-1,Greece,31,Attack,537.0,2.0,1.0,0.335,0.168,1500000.0,11.303635209842417
1460,Déron Payne,FC Volendam,eredivisie,Netherlands,24,Defender,932.0,0.0,0.0,0.0,0.0,350000.0,11.177980915330458
1461,David Toshevski,FCV Dender EH,jupiler-pro-league,Belgium,25,Attack,1266.0,4.0,0.0,0.284,0.0,600000.0,11.16127487259597
1462,Benjamin Verbic,APO Levadiakos Football Club,super-league-1,Greece,33,Attack,581.0,4.0,0.0,0.62,0.0,500000.0,11.144518929832556
1463,Glenn Bijl,Royal Antwerp FC,jupiler-pro-league,Belgium,31,Defender,575.0,0.0,0.0,0.0,0.0,600000.0,11.098484325636678
1464,Samet Akaydin,Caykur Rizespor,super-lig,Türkiye,32,Defender,2571.0,3.0,1.0,0.105,0.035,1200000.0,11.072449684694805
1465,Kerim Mrabti,KV Mechelen,jupiler-pro-league,Belgium,32,Midfield,1495.0,5.0,2.0,0.301,0.12,1200000.0,11.011809722082607
1466,Lubomir Tupta,Athlitiki Enosi Larisas,super-league-1,Greece,28,Attack,1921.0,3.0,2.0,0.141,0.094,600000.0,10.980696913853155
1467,Jiri Pavlenka,Panthessalonikios Athlitikos Omilos Konstantinoupoliton,super-league-1,Greece,34,Goalkeeper,1311.0,0.0,0.0,0.0,0.0,700000.0,10.97026366958776
1468,Enis Bardhi,Konyaspor,super-lig,Türkiye,31,Midfield,2066.0,5.0,5.0,0.218,0.218,2500000.0,10.910335405256454
1469,Kévin Rodrigues,Gaziantep FK,super-lig,Türkiye,32,Defender,2289.0,2.0,3.0,0.079,0.118,800000.0,10.899004962913725
1470,Blaz Kramer,Konyaspor,super-lig,Türkiye,30,Attack,660.0,5.0,0.0,0.682,0.0,900000.0,10.879543415805431
1471,Cem Üstündag,Kasimpasa,super-lig,Türkiye,25,Midfield,938.0,0.0,0.0,0.0,0.0,,10.840037381369951
1472,Ahmed Ouattara Kossonou,Athlitiki Enosi Larisas,super-league-1,Greece,23,Defender,877.0,0.0,1.0,0.0,0.103,450000.0,10.809839980195658
1473,Rhaldney,FC Alverca,liga-portugal,Portugal,28,Midfield,995.0,1.0,0.0,0.09,0.0,1000000.0,10.800409694290673
1474,Tyrone Owusu,SC Telstar,eredivisie,Netherlands,27,Midfield,1588.0,2.0,1.0,0.113,0.057,600000.0,10.796762952067942
1475,Alexander Jeremejeff,Panthessalonikios Athlitikos Omilos Konstantinoupoliton,super-league-1,Greece,33,Attack,537.0,5.0,2.0,0.838,0.335,800000.0,10.78816921587235
1476,Oluwatobiloba Alagbe,A.G.S Asteras Tripolis,super-league-1,Greece,26,Midfield,963.0,1.0,0.0,0.093,0.0,600000.0,10.784944759510083
1477,Rasmus Vinderslev,Sönderjyske Fodbold,superliga,Denmark,29,Midfield,799.0,1.0,0.0,0.113,0.0,700000.0,10.758113260882103
1478,Gustav Marcussen,FC Fredericia,superliga,Denmark,28,Attack,1611.0,4.0,2.0,0.223,0.112,750000.0,10.756619771403493
1479,Lenny Vallier,CD Nacional,liga-portugal,Portugal,27,Defender,751.0,0.0,0.0,0.0,0.0,500000.0,10.74168806296285
1480,Roni,Avs Futebol,liga-portugal,Portugal,27,Midfield,1317.0,2.0,0.0,0.137,0.0,1000000.0,10.733643164461967
1481,Birger Verstraete,Oud-Heverlee Leuven,jupiler-pro-league,Belgium,32,Midfield,1498.0,0.0,0.0,0.0,0.0,900000.0,10.705853671560526
1482,Kaly,Casa Pia AC,liga-portugal,Portugal,23,Defender,992.0,0.0,0.0,0.0,0.0,400000.0,10.679682035269934
1483,Sabit Abdulai,FC Alverca,liga-portugal,Portugal,27,Midfield,1174.0,0.0,1.0,0.0,0.077,700000.0,10.630867870770771
1484,Jaume Grau,Avs Futebol,liga-portugal,Portugal,29,Midfield,1326.0,0.0,0.0,0.0,0.0,700000.0,10.603810667324586
1485,Semih Güler,Kayserispor,super-lig,Türkiye,32,Defender,1379.0,0.0,0.0,0.0,0.0,800000.0,10.54566123111933
1486,João Moutinho,SC Braga,liga-portugal,Portugal,40,Midfield,2194.0,1.0,1.0,0.041,0.041,500000.0,10.532093479793696
1487,Max Scholze,CF Estrela Amadora,liga-portugal,Portugal,21,Defender,729.0,0.0,0.0,0.0,0.0,400000.0,10.529262076417623
1488,Ortwin De Wolf,KV Mechelen,jupiler-pro-league,Belgium,29,Goalkeeper,450.0,0.0,0.0,0.0,0.0,500000.0,10.493919399964728
1489,Mamadou Fall,Kasimpasa,super-lig,Türkiye,35,Attack,1169.0,0.0,0.0,0.0,0.0,1200000.0,10.472615661175036
1490,João Mendes,Kayserispor,super-lig,Türkiye,32,Midfield,1505.0,0.0,4.0,0.0,0.239,1000000.0,10.455812667798346
1491,Dimitrios Stavropoulos,APS Atromitos Athinon,super-league-1,Greece,29,Defender,2250.0,1.0,0.0,0.04,0.0,600000.0,10.412224425267743
1492,Aleksa Maras,Panserraikos Serres,super-league-1,Greece,25,Attack,542.0,3.0,0.0,0.498,0.0,,10.316606178715677
1493,Dimitrios Goutas,Gençlerbirliği Spor Kulübü,super-lig,Türkiye,32,Defender,2907.0,3.0,1.0,0.093,0.031,800000.0,10.314178707642684
1494,Emrecan Bulut,Caykur Rizespor,super-lig,Türkiye,24,Attack,585.0,1.0,3.0,0.154,0.462,600000.0,10.30526500490686
1495,Dario Saric,Antalyaspor,super-lig,Türkiye,29,Midfield,1398.0,1.0,1.0,0.064,0.064,700000.0,10.153543629618262
1496,Altin Zeqiri,Caykur Rizespor,super-lig,Türkiye,26,Attack,689.0,1.0,0.0,0.131,0.0,1000000.0,10.146591951282396
1497,Jorge Aguirre,Panetolikos Agrinio,super-league-1,Greece,26,Attack,834.0,3.0,0.0,0.324,0.0,600000.0,10.132177385193406
1498,Georgiy Dzhikiya,Antalyaspor,super-lig,Türkiye,33,Defender,1155.0,2.0,0.0,0.156,0.0,1000000.0,10.07825735032956
1499,Chico Gonçalves,CD Nacional,liga-portugal,Portugal,22,Defender,563.0,0.0,0.0,0.0,0.0,200000.0,9.971924645442035
1500,Rodinei,Olympiakos Syndesmos Filathlon Peiraios,super-league-1,Greece,34,Defender,1150.0,0.0,3.0,0.0,0.235,800000.0,9.967565650740799
1501,Levan Shengelia,Omilos Filathlon Irakliou FC,super-league-1,Greece,31,Attack,1447.0,1.0,2.0,0.062,0.124,700000.0,9.946338789161205
1502,Joël Ito,RAAL La Louvière,jupiler-pro-league,Belgium,28,Midfield,2077.0,1.0,1.0,0.043,0.043,900000.0,9.907638185914905
1503,Tim Freriks,Viborg FF,superliga,Denmark,28,Attack,1107.0,4.0,1.0,0.325,0.081,550000.0,9.892140696586097
1504,Indrit Tuci,Kayserispor,super-lig,Türkiye,26,Attack,781.0,3.0,0.0,0.346,0.0,600000.0,9.846982152391085
1505,Ché Nunnely,Athlitiki Enosi Kifisias,super-league-1,Greece,27,Attack,451.0,0.0,0.0,0.0,0.0,500000.0,9.831740298087597
1506,Fabricio Pedrozo,APO Levadiakos Football Club,super-league-1,Greece,34,Attack,1177.0,10.0,0.0,0.765,0.0,150000.0,9.822731868296652
1507,Mame Thiam,Eyüpspor,super-lig,Türkiye,34,Attack,1183.0,2.0,0.0,0.152,0.0,1200000.0,9.73373931124881
1508,Ryan Thomas,PEC Zwolle,eredivisie,Netherlands,32,Midfield,2157.0,1.0,1.0,0.042,0.042,650000.0,9.711150951105981
1509,Vito van Crooij,Sparta Rotterdam,eredivisie,Netherlands,30,Midfield,749.0,0.0,1.0,0.0,0.12,900000.0,9.625536801225836
1510,Youssef Aït Bennasser,Kayserispor,super-lig,Türkiye,30,Midfield,1476.0,0.0,0.0,0.0,0.0,800000.0,9.604353573025342
1511,Dani Figueira,Gil Vicente FC,liga-portugal,Portugal,28,Goalkeeper,840.0,0.0,0.0,0.0,0.0,500000.0,9.579873902084802
1512,Semih Güler,Gaziantep FK,super-lig,Türkiye,32,Defender,762.0,0.0,0.0,0.0,0.0,800000.0,9.551911560040502
1513,Diogo Calila,CD Santa Clara,liga-portugal,Portugal,28,Defender,991.0,1.0,0.0,0.091,0.0,500000.0,9.551648596704242
1514,Lucas França,CD Nacional,liga-portugal,Portugal,30,Goalkeeper,540.0,0.0,0.0,0.0,0.0,600000.0,9.51235230443759
1515,Gauthier Gallon,FCV Dender EH,jupiler-pro-league,Belgium,33,Goalkeeper,900.0,0.0,0.0,0.0,0.0,600000.0,9.457404389355471
1516,Rhaldney,Göztepe,super-lig,Türkiye,28,Midfield,1087.0,1.0,1.0,0.083,0.083,1000000.0,9.450580663223596
1517,Xeka,GD Estoril Praia,liga-portugal,Portugal,32,Midfield,654.0,1.0,0.0,0.138,0.0,800000.0,9.349110054739748
1518,Bryan Goncalves,FCV Dender EH,jupiler-pro-league,Belgium,30,Defender,1604.0,0.0,2.0,0.0,0.112,500000.0,9.327464712165453
1519,Emilio Simonsen,FC Fredericia,superliga,Denmark,27,Midfield,901.0,1.0,3.0,0.1,0.3,300000.0,9.290490779424193
1520,Emmanuel Boateng,Gaziantep FK,super-lig,Türkiye,30,Attack,466.0,1.0,0.0,0.193,0.0,1200000.0,9.280723683415024
1521,Halil Akbunar,Eyüpspor,super-lig,Türkiye,33,Attack,506.0,2.0,0.0,0.356,0.0,600000.0,9.222172689821129
1522,Tobias Mohr,Standard Liège,jupiler-pro-league,Belgium,31,Midfield,2078.0,1.0,2.0,0.043,0.087,800000.0,9.18742982016975
1523,Nikola Storm,Antalyaspor,super-lig,Türkiye,32,Attack,1625.0,4.0,1.0,0.222,0.055,1200000.0,9.182008831059862
1524,Aaron Opoku,Kayserispor,super-lig,Türkiye,27,Attack,1235.0,0.0,2.0,0.0,0.146,,9.118960855428547
1525,Pedro Rosas,Casa Pia AC,liga-portugal,Portugal,26,Defender,635.0,0.0,1.0,0.0,0.142,450000.0,9.10509073275978
1526,Marco Ilaimaharitra,Standard Liège,jupiler-pro-league,Belgium,31,Midfield,1990.0,3.0,0.0,0.136,0.0,800000.0,9.09202664445015
1527,Jesper Hansen,Aarhus GF,superliga,Denmark,41,Goalkeeper,1890.0,0.0,0.0,0.0,0.0,50000.0,9.087986564096209
1528,Erdem Canpolat,Caykur Rizespor,super-lig,Türkiye,25,Goalkeeper,630.0,0.0,0.0,0.0,0.0,500000.0,9.073504734130621
1529,João Valido,FC Arouca,liga-portugal,Portugal,26,Goalkeeper,810.0,0.0,0.0,0.0,0.0,400000.0,9.021517568037586
1530,Gökhan Sazdağı,Beşiktaş Jimnastik Kulübü,super-lig,Türkiye,32,Defender,1305.0,0.0,0.0,0.0,0.0,1200000.0,9.012175922154402
1531,Tjaronn Chery,NEC Nijmegen,eredivisie,Netherlands,38,Midfield,2759.0,10.0,6.0,0.326,0.196,400000.0,8.992320767051215
1532,Andrei Ivan,Panserraikos Serres,super-league-1,Greece,29,Attack,1506.0,3.0,1.0,0.179,0.06,800000.0,8.97557239913852
1533,Lazaros Lamprou,Volou Neos Podosferikos Syllogos,super-league-1,Greece,29,Attack,1980.0,5.0,2.0,0.227,0.091,800000.0,8.884135316272173
1534,Massadio Haïdara,Kocaelispor,super-lig,Türkiye,34,Defender,1817.0,0.0,1.0,0.0,0.05,600000.0,8.802064391772511
1535,Richonell Margaret,Go Ahead Eagles,eredivisie,Netherlands,26,Attack,1032.0,1.0,3.0,0.087,0.262,600000.0,8.72871141014822
1536,Arno Verschueren,FC Twente Enschede,eredivisie,Netherlands,29,Midfield,559.0,0.0,2.0,0.0,0.322,700000.0,8.697290359282515
1537,Ennio van der Gouw,Rio Ave FC,liga-portugal,Portugal,26,Goalkeeper,900.0,0.0,0.0,0.0,0.0,400000.0,8.695249803179705
1538,Matías Kranevitter,Fatih Karagümrük,super-lig,Türkiye,33,Midfield,1779.0,1.0,0.0,0.051,0.0,600000.0,8.655233257230714
1539,Jamiro Monteiro,PEC Zwolle,eredivisie,Netherlands,33,Midfield,1276.0,2.0,3.0,0.141,0.212,650000.0,8.651177938425725
1540,Jani Atanasov,Athlitiki Enosi Larisas,super-league-1,Greece,27,Midfield,1632.0,1.0,1.0,0.055,0.055,600000.0,8.647855097566074
1541,Odysseus Velanas,PEC Zwolle,eredivisie,Netherlands,28,Midfield,629.0,2.0,1.0,0.286,0.143,550000.0,8.642684008030258
1542,Robert Mühren,FC Volendam,eredivisie,Netherlands,37,Attack,835.0,6.0,1.0,0.647,0.108,125000.0,8.534848823937232
1543,Youssef Maziz,Oud-Heverlee Leuven,jupiler-pro-league,Belgium,28,Midfield,1557.0,3.0,3.0,0.173,0.173,1000000.0,8.514942930418897
1544,Stefano Denswil,Kayserispor,super-lig,Türkiye,33,Defender,2722.0,1.0,0.0,0.033,0.0,700000.0,8.513984215792178
1545,Bilal Ould-Chikh,FC Volendam,eredivisie,Netherlands,29,Attack,894.0,0.0,1.0,0.0,0.101,650000.0,8.509251724969413
1546,Patrick van Aanholt,Sparta Rotterdam,eredivisie,Netherlands,36,Defender,680.0,1.0,3.0,0.132,0.397,250000.0,8.47605271305324
1547,Kerem Demirbay,Eyüpspor,super-lig,Türkiye,33,Midfield,1416.0,0.0,1.0,0.0,0.064,1000000.0,8.454508188998147
1548,Buatu,Gil Vicente FC,liga-portugal,Portugal,33,Defender,2745.0,1.0,2.0,0.033,0.066,600000.0,8.44884700506846
1549,Jan Hurtado,Volou Neos Podosferikos Syllogos,super-league-1,Greece,26,Attack,501.0,2.0,0.0,0.359,0.0,400000.0,8.377128416462178
1550,Guilherme Neiva,Avs Futebol,liga-portugal,Portugal,25,Attack,923.0,2.0,3.0,0.195,0.293,300000.0,8.314002796851998
1551,Benito Raman,KV Mechelen,jupiler-pro-league,Belgium,32,Attack,769.0,3.0,3.0,0.351,0.351,800000.0,8.30676793499319
1552,Igor Lichnovsky,Fatih Karagümrük,super-lig,Türkiye,32,Defender,1170.0,0.0,2.0,0.0,0.154,800000.0,8.249026808780258
1553,Pelle Clement,Sparta Rotterdam,eredivisie,Netherlands,30,Midfield,1609.0,2.0,3.0,0.112,0.168,600000.0,8.218171337072327
1554,Álvaro Martínez,Moreirense FC,liga-portugal,Portugal,24,Defender,812.0,0.0,0.0,0.0,0.0,400000.0,8.209432169741367
1555,Joca,Volou Neos Podosferikos Syllogos,super-league-1,Greece,30,Attack,1727.0,4.0,1.0,0.208,0.052,600000.0,8.207509728028263
1556,Casper Højer,Caykur Rizespor,super-lig,Türkiye,32,Defender,2716.0,0.0,2.0,0.0,0.066,1000000.0,8.179496869989316
1557,Gonçalo Paciência,CD Santa Clara,liga-portugal,Portugal,32,Attack,499.0,3.0,0.0,0.541,0.0,700000.0,8.163041071505488
1558,Nicolai Larsen,Silkeborg IF,superliga,Denmark,35,Goalkeeper,1890.0,0.0,0.0,0.0,0.0,150000.0,8.076147301937176
1559,Vaclav Jurecka,Caykur Rizespor,super-lig,Türkiye,32,Attack,465.0,1.0,0.0,0.194,0.0,700000.0,8.06965685976455
1560,Guillaume Dietsch,FCV Dender EH,jupiler-pro-league,Belgium,25,Goalkeeper,900.0,0.0,0.0,0.0,0.0,250000.0,8.063135740402679
1561,Ángel Algobia,Avs Futebol,liga-portugal,Portugal,27,Midfield,1081.0,1.0,0.0,0.083,0.0,500000.0,8.011737218082162
1562,Jhon Espinoza,Kasimpasa,super-lig,Türkiye,27,Defender,558.0,0.0,0.0,0.0,0.0,600000.0,7.997642731953636
1563,Sory Kaba,Oud-Heverlee Leuven,jupiler-pro-league,Belgium,31,Attack,1126.0,6.0,1.0,0.48,0.08,1000000.0,7.989384047242518
1564,Thiago Silva,FC Porto,liga-portugal,Portugal,42,Defender,576.0,0.0,0.0,0.0,0.0,500000.0,7.937024691989568
1565,Denzel Jubitana,APS Atromitos Athinon,super-league-1,Greece,27,Attack,1612.0,4.0,1.0,0.223,0.056,600000.0,7.849695564517811
1566,Ogün Özçiçek,Gaziantep FK,super-lig,Türkiye,27,Midfield,1171.0,0.0,0.0,0.0,0.0,500000.0,7.784562211049388
1567,Bryan Linssen,NEC Nijmegen,eredivisie,Netherlands,36,Attack,2252.0,11.0,8.0,0.44,0.32,300000.0,7.7267699730986905
1568,Ilias Chatzitheodoridis,Omilos Filathlon Irakliou FC,super-league-1,Greece,29,Defender,1117.0,0.0,0.0,0.0,0.0,500000.0,7.711952746931769
1569,Pablo Gozálbez,FC Arouca,liga-portugal,Portugal,25,Midfield,1062.0,1.0,2.0,0.085,0.169,700000.0,7.635192703294917
1570,Panagiotis Tsantilas,APS Atromitos Athinon,super-league-1,Greece,22,Attack,1020.0,3.0,0.0,0.265,0.0,500000.0,7.62998326280639
1571,Apostolos Christopoulos,Athlitiki Enosi Kifisias,super-league-1,Greece,23,Attack,563.0,3.0,0.0,0.48,0.0,300000.0,7.598758724062033
1572,Victor Ntino-Emo Gidado,Gaziantep FK,super-lig,Türkiye,22,Midfield,521.0,0.0,0.0,0.0,0.0,400000.0,7.55135955867865
1573,Deniz Türüç,Basaksehir FK,super-lig,Türkiye,33,Attack,471.0,0.0,1.0,0.0,0.191,500000.0,7.5260763009527265
1574,Marvin Peersman,FC Groningen,eredivisie,Netherlands,35,Defender,2828.0,3.0,1.0,0.095,0.032,250000.0,7.517141384893724
1575,Zisis Karachalios,Omilos Filathlon Irakliou FC,super-league-1,Greece,30,Midfield,1326.0,1.0,0.0,0.068,0.0,600000.0,7.480229803008269
1576,Kikas,CF Estrela Amadora,liga-portugal,Portugal,28,Attack,1212.0,6.0,1.0,0.446,0.074,1000000.0,7.474140012406863
1577,Jan Zamburek,Heracles Almelo,eredivisie,Netherlands,25,Midfield,1735.0,0.0,1.0,0.0,0.052,400000.0,7.4674748236932
1578,Bedirhan Özyurt,Eyüpspor,super-lig,Türkiye,23,Defender,908.0,0.0,1.0,0.0,0.099,200000.0,7.442650467798996
1579,Nathan Rôdes,FCV Dender EH,jupiler-pro-league,Belgium,29,Midfield,1463.0,0.0,0.0,0.0,0.0,600000.0,7.441865194253892
1580,Farley Rosa,Panetolikos Agrinio,super-league-1,Greece,32,Attack,505.0,2.0,2.0,0.356,0.356,400000.0,7.3648993258249655
1581,Virgil Misidjan,NEC Nijmegen,eredivisie,Netherlands,33,Midfield,535.0,1.0,2.0,0.168,0.336,400000.0,7.30126512664941
1582,Victor Edvardsen,Go Ahead Eagles,eredivisie,Netherlands,30,Attack,1998.0,4.0,7.0,0.18,0.315,800000.0,7.275293887830019
1583,Tobias Salquist,FC Nordsjaelland,superliga,Denmark,31,Defender,1538.0,1.0,0.0,0.059,0.0,500000.0,7.264264466500352
1584,Emre Akbaba,Eyüpspor,super-lig,Türkiye,34,Midfield,986.0,4.0,0.0,0.365,0.0,400000.0,7.223858219602166
1585,Emre Kılınç,Samsunspor,super-lig,Türkiye,32,Attack,1195.0,1.0,5.0,0.075,0.377,1000000.0,7.196312504729825
1586,Maracás,Moreirense FC,liga-portugal,Portugal,32,Defender,2594.0,4.0,0.0,0.139,0.0,700000.0,7.192470613584202
1587,Thomas Delaney,FC Copenhagen,superliga,Denmark,35,Midfield,741.0,0.0,2.0,0.0,0.243,500000.0,7.148968346816743
1588,Dorukhan Toköz,Kayserispor,super-lig,Türkiye,30,Midfield,1344.0,0.0,0.0,0.0,0.0,700000.0,7.120404241132407
1589,Diego Duarte,Avs Futebol,liga-portugal,Portugal,24,Attack,1291.0,3.0,1.0,0.209,0.07,250000.0,7.115899255384141
1590,Kalvin Ketu,A.G.S Asteras Tripolis,super-league-1,Greece,29,Attack,1620.0,2.0,5.0,0.111,0.278,450000.0,7.092089475756155
1591,Alex Sola,CF Estrela Amadora,liga-portugal,Portugal,23,Midfield,706.0,0.0,0.0,0.0,0.0,300000.0,7.065087934879568
1592,Ajdin Hrustic,Heracles Almelo,eredivisie,Netherlands,30,Midfield,2222.0,1.0,6.0,0.041,0.243,600000.0,7.017225735281494
1593,Taylan Antalyalı,Caykur Rizespor,super-lig,Türkiye,31,Midfield,1299.0,0.0,0.0,0.0,0.0,700000.0,7.004134853943513
1594,Joshua Brenet,Kayserispor,super-lig,Türkiye,32,Defender,797.0,0.0,2.0,0.0,0.226,1000000.0,6.837155520592796
1595,David Hrncar,FCV Dender EH,jupiler-pro-league,Belgium,29,Midfield,590.0,1.0,0.0,0.153,0.0,500000.0,6.824892113971702
1596,Robin Yalçın,Eyüpspor,super-lig,Türkiye,32,Defender,1624.0,0.0,0.0,0.0,0.0,600000.0,6.812346608113557
1597,Konrad Michalak,Panetolikos Agrinio,super-league-1,Greece,29,Attack,1210.0,2.0,3.0,0.149,0.223,500000.0,6.7915433904832785
1598,Pieter Gerkens,Cercle Brugge,jupiler-pro-league,Belgium,31,Midfield,2397.0,6.0,0.0,0.225,0.0,800000.0,6.761105710436626
1599,Julián Chicco,A.G.S Asteras Tripolis,super-league-1,Greece,28,Midfield,468.0,1.0,1.0,0.192,0.192,450000.0,6.697197857041255
1600,Damon Mirani,Heracles Almelo,eredivisie,Netherlands,30,Defender,2933.0,3.0,0.0,0.092,0.0,450000.0,6.625775807268259
1601,Melih Kabasakal,Gaziantep FK,super-lig,Türkiye,30,Midfield,1409.0,1.0,1.0,0.064,0.064,600000.0,6.570654349777811
1602,Serginho,Fatih Karagümrük,super-lig,Türkiye,31,Attack,2196.0,8.0,1.0,0.328,0.041,600000.0,6.56557367468057
1603,Benny,Moreirense FC,liga-portugal,Portugal,29,Midfield,608.0,1.0,1.0,0.148,0.148,800000.0,6.501327956677668
1604,Soufiane Hetli,SC Telstar,eredivisie,Netherlands,25,Attack,1618.0,3.0,1.0,0.167,0.056,450000.0,6.456960518046601
1605,Halil Dervişoğlu,Caykur Rizespor,super-lig,Türkiye,27,Attack,855.0,1.0,0.0,0.105,0.0,700000.0,6.44517223525736
1606,Simen Juklerød,Sint-Truidense VV,jupiler-pro-league,Belgium,32,Defender,750.0,1.0,4.0,0.12,0.48,300000.0,6.39523544313076
1607,Onur Bulut,Basaksehir FK,super-lig,Türkiye,32,Defender,973.0,0.0,1.0,0.0,0.092,600000.0,6.389716438518003
1608,Efkan Bekiroğlu,Göztepe,super-lig,Türkiye,31,Midfield,1066.0,3.0,3.0,0.253,0.253,1000000.0,6.342389209021644
1609,Makana Baku,APS Atromitos Athinon,super-league-1,Greece,28,Attack,2084.0,3.0,6.0,0.13,0.259,800000.0,6.334504049601372
1610,Kay Tejan,SC Telstar,eredivisie,Netherlands,29,Attack,793.0,3.0,1.0,0.34,0.113,250000.0,6.298983498980803
1611,Núrio Fortuna,Volou Neos Podosferikos Syllogos,super-league-1,Greece,31,Defender,1254.0,1.0,2.0,0.072,0.144,500000.0,6.219069791159967
1612,Bjørn Paulsen,Odense Boldklub,superliga,Denmark,35,Defender,669.0,1.0,0.0,0.135,0.0,25000.0,6.147410697675007
1613,Vasilios Sourlis,Athlitiki Enosi Larisas,super-league-1,Greece,24,Midfield,781.0,0.0,1.0,0.0,0.115,400000.0,6.135048834959629
1614,Borja González,Omilos Filathlon Irakliou FC,super-league-1,Greece,31,Defender,1176.0,1.0,4.0,0.077,0.306,500000.0,6.089049543497304
1615,Owen Maës,RAAL La Louvière,jupiler-pro-league,Belgium,28,Midfield,1211.0,0.0,2.0,0.0,0.149,500000.0,6.086505933224928
1616,Béni Nkololo,Panetolikos Agrinio,super-league-1,Greece,30,Attack,951.0,4.0,1.0,0.379,0.095,,6.07448577747055
1617,Luis Pérez,Gaziantep FK,super-lig,Türkiye,31,Defender,1657.0,0.0,1.0,0.0,0.054,800000.0,6.067894252453218
1618,Yhoan Andzouana,Konyaspor,super-lig,Türkiye,30,Defender,2615.0,2.0,5.0,0.069,0.172,800000.0,6.044077879216065
1619,Aaron Meijers,FC Volendam,eredivisie,Netherlands,39,Defender,494.0,0.0,0.0,0.0,0.0,75000.0,6.002041933055034
1620,Alexandros Tsompanidis,Panserraikos Serres,super-league-1,Greece,22,Goalkeeper,498.0,0.0,0.0,0.0,0.0,175000.0,5.998306849978948
1621,Serxho Ujka,Zulte Waregem,jupiler-pro-league,Belgium,28,Midfield,476.0,1.0,1.0,0.189,0.189,400000.0,5.991996542218073
1622,Danny Bakker,SC Telstar,eredivisie,Netherlands,31,Defender,2636.0,4.0,2.0,0.137,0.068,450000.0,5.947264459877233
1623,Paul Gladon,Fortuna Sittardia Combinatie,eredivisie,Netherlands,34,Attack,965.0,5.0,1.0,0.466,0.093,150000.0,5.884830796383292
1624,Filipe Soares,CD Nacional,liga-portugal,Portugal,27,Midfield,754.0,1.0,0.0,0.119,0.0,700000.0,5.87458090300931
1625,Ricardo Esgaio,Fatih Karagümrük,super-lig,Türkiye,33,Defender,2178.0,0.0,0.0,0.0,0.0,700000.0,5.822532273400639
1626,Yasir Subaşı,Konyaspor,super-lig,Türkiye,30,Defender,507.0,0.0,0.0,0.0,0.0,100000.0,5.712671314711759
1627,Ivo Pinto,Fortuna Sittardia Combinatie,eredivisie,Netherlands,36,Defender,2048.0,0.0,5.0,0.0,0.22,250000.0,5.692157233977358
1628,Walid Ould-Chikh,Heracles Almelo,eredivisie,Netherlands,27,Midfield,1495.0,1.0,4.0,0.06,0.241,550000.0,5.686001737737726
1629,Daniel Wass,Bröndby IF,superliga,Denmark,37,Midfield,840.0,1.0,2.0,0.107,0.214,400000.0,5.660575167952396
1630,Daniele Verde,Fatih Karagümrük,super-lig,Türkiye,30,Attack,492.0,1.0,4.0,0.183,0.732,700000.0,5.622490302600713
1631,Murilo,Gil Vicente FC,liga-portugal,Portugal,32,Attack,2592.0,11.0,4.0,0.382,0.139,800000.0,5.614249874882209
1632,Carlos Mané,Kayserispor,super-lig,Türkiye,32,Attack,1044.0,0.0,1.0,0.0,0.086,600000.0,5.604148752517479
1633,Ricky van Wolfswinkel,FC Twente Enschede,eredivisie,Netherlands,37,Attack,1727.0,8.0,0.0,0.417,0.0,200000.0,5.532332284207905
1634,Igor Kalinin,Panserraikos Serres,super-league-1,Greece,31,Defender,1190.0,0.0,0.0,0.0,0.0,500000.0,5.477880484274847
1635,Charles-Andreas Brym,NAC Breda,eredivisie,Netherlands,28,Attack,1506.0,2.0,4.0,0.12,0.239,350000.0,5.460716039974004
1636,Alireza Jahanbakhsh,FCV Dender EH,jupiler-pro-league,Belgium,33,Attack,531.0,0.0,0.0,0.0,0.0,500000.0,5.459007715582521
1637,Athanasios Karamanis,APS Atromitos Athinon,super-league-1,Greece,23,Midfield,561.0,1.0,0.0,0.16,0.0,350000.0,5.436392464246595
1638,Carles Soria,Volou Neos Podosferikos Syllogos,super-league-1,Greece,30,Defender,1740.0,0.0,1.0,0.0,0.052,450000.0,5.4336864702448
1639,Panagiotis Deligiannidis,Athlitiki Enosi Larisas,super-league-1,Greece,30,Defender,798.0,0.0,1.0,0.0,0.113,450000.0,5.432801041121174
1640,Miguel Nóbrega,Vitória Guimarães SC,liga-portugal,Portugal,26,Defender,1000.0,1.0,0.0,0.09,0.0,400000.0,5.389776664479835
1641,Adam Carlén,Excelsior Rotterdam,eredivisie,Netherlands,26,Midfield,1224.0,0.0,1.0,0.0,0.074,400000.0,5.385014102505
1642,Pedrinho,Konyaspor,super-lig,Türkiye,30,Attack,668.0,1.0,0.0,0.135,0.0,700000.0,5.378309609461388
1643,Myenty Abena,Gaziantep FK,super-lig,Türkiye,32,Defender,1925.0,1.0,1.0,0.047,0.047,600000.0,5.364094261272398
1644,Kiko Bondoso,Moreirense FC,liga-portugal,Portugal,31,Attack,2014.0,0.0,4.0,0.0,0.179,800000.0,5.3529309352766345
1645,Domagoj Vida,Athlitiki Enosi Konstantinoupoleos,super-league-1,Greece,37,Defender,1016.0,0.0,0.0,0.0,0.0,500000.0,5.344714616793263
1646,Said Hamulic,Volou Neos Podosferikos Syllogos,super-league-1,Greece,26,Attack,1014.0,4.0,2.0,0.355,0.178,400000.0,5.342289618485197
1647,Daníel Leó Grétarsson,Sönderjyske Fodbold,superliga,Denmark,31,Defender,1612.0,2.0,3.0,0.112,0.167,450000.0,5.3416489489063546
1648,Seba Pérez,Casa Pia AC,liga-portugal,Portugal,33,Midfield,1567.0,0.0,0.0,0.0,0.0,500000.0,5.319168680845135
1649,Apostolos Apostolopoulos,Panetolikos Agrinio,super-league-1,Greece,24,Defender,644.0,0.0,0.0,0.0,0.0,450000.0,5.301586800317082
1650,Ebube Duru,Sönderjyske Fodbold,superliga,Denmark,27,Defender,732.0,0.0,0.0,0.0,0.0,350000.0,5.293217772038191
1651,Umut Nayir,Konyaspor,super-lig,Türkiye,33,Attack,1671.0,8.0,2.0,0.431,0.108,600000.0,5.179235373665349
1652,Oscar Buch,FC Fredericia,superliga,Denmark,29,Attack,1247.0,6.0,1.0,0.433,0.072,400000.0,5.173930555260902
1653,Ramazan Civelek,Kayserispor,super-lig,Türkiye,30,Defender,2152.0,0.0,2.0,0.0,0.084,700000.0,5.076449653482149
1654,Agon Mucolli,FC Fredericia,superliga,Denmark,28,Attack,689.0,4.0,1.0,0.522,0.131,400000.0,5.0624426582276625
1655,Mike van Duinen,Excelsior Rotterdam,eredivisie,Netherlands,35,Attack,704.0,1.0,2.0,0.128,0.256,150000.0,5.050203916855508
1656,Cláudio Winck,Kasimpasa,super-lig,Türkiye,32,Defender,2303.0,3.0,2.0,0.117,0.078,800000.0,5.020325526877504
1657,Nikola Stajic,Panetolikos Agrinio,super-league-1,Greece,25,Defender,605.0,0.0,1.0,0.0,0.149,400000.0,4.955912886542486
1658,Giannis Pasas,Athlitiki Enosi Larisas,super-league-1,Greece,36,Attack,665.0,4.0,0.0,0.541,0.0,125000.0,4.8875673167217135
1659,Jeff Hardeveld,SC Telstar,eredivisie,Netherlands,31,Midfield,2979.0,6.0,7.0,0.181,0.211,450000.0,4.8867012229187194
1660,Robert Ivanov,A.G.S Asteras Tripolis,super-league-1,Greece,32,Defender,1386.0,1.0,0.0,0.065,0.0,500000.0,4.871775687689692
1661,Lewis Holtby,NAC Breda,eredivisie,Netherlands,36,Midfield,1942.0,1.0,5.0,0.046,0.232,300000.0,4.843065639648703
1662,Dimitris Emmanouilidis,A.G.S Asteras Tripolis,super-league-1,Greece,26,Attack,1108.0,1.0,1.0,0.081,0.081,500000.0,4.840496152977822
1663,Mawouna Amevor,FC Volendam,eredivisie,Netherlands,35,Defender,2759.0,1.0,1.0,0.033,0.033,200000.0,4.81927228059692
1664,Cícero,CD Tondela,liga-portugal,Portugal,29,Midfield,1203.0,1.0,1.0,0.075,0.075,500000.0,4.807346584454543
1665,M'Baye Niang,Gençlerbirliği Spor Kulübü,super-lig,Türkiye,32,Attack,1741.0,4.0,2.0,0.207,0.103,800000.0,4.803397589307697
1666,Gabriel Paulista,Beşiktaş Jimnastik Kulübü,super-lig,Türkiye,36,Defender,865.0,0.0,1.0,0.0,0.104,500000.0,4.799719245562666
1667,Mert Günok,Beşiktaş Jimnastik Kulübü,super-lig,Türkiye,37,Goalkeeper,720.0,0.0,0.0,0.0,0.0,500000.0,4.789180156191269
1668,Yohan Boli,Antalyaspor,super-lig,Türkiye,33,Attack,872.0,2.0,1.0,0.206,0.103,800000.0,4.716733844535017
1669,Filip Mladenovic,Fatih Karagümrük,super-lig,Türkiye,35,Defender,849.0,1.0,0.0,0.106,0.0,300000.0,4.670280183197349
1670,Aleksandar Jovanovic,Kocaelispor,super-lig,Türkiye,34,Goalkeeper,1575.0,0.0,0.0,0.0,0.0,500000.0,4.663187568624911
1671,Sam Larsson,Fatih Karagümrük,super-lig,Türkiye,33,Midfield,1568.0,3.0,4.0,0.172,0.23,600000.0,4.64384220223513
1672,Athanasios Papageorgiou,Athlitiki Enosi Larisas,super-league-1,Greece,39,Defender,456.0,0.0,1.0,0.0,0.197,25000.0,4.621901561892351
1673,Soufiane Chakla,Athlitiki Enosi Larisas,super-league-1,Greece,33,Defender,1170.0,1.0,0.0,0.077,0.0,500000.0,4.621137443764161
1674,Taras Stepanenko,Eyüpspor,super-lig,Türkiye,37,Midfield,530.0,0.0,0.0,0.0,0.0,500000.0,4.607241646600737
1675,Talha Ülvan,Eyüpspor,super-lig,Türkiye,25,Defender,1106.0,2.0,0.0,0.163,0.0,400000.0,4.602481108896948
1676,Steven Zuber,APS Atromitos Athinon,super-league-1,Greece,35,Attack,735.0,1.0,0.0,0.122,0.0,500000.0,4.582907195586178
1677,Pizzi,GD Estoril Praia,liga-portugal,Portugal,37,Midfield,647.0,0.0,5.0,0.0,0.696,300000.0,4.5573670518713
1678,Remko Pasveer,Heracles Almelo,eredivisie,Netherlands,43,Goalkeeper,990.0,0.0,0.0,0.0,0.0,100000.0,4.553654787870289
1679,Leroy Abanda,Volou Neos Podosferikos Syllogos,super-league-1,Greece,26,Defender,699.0,0.0,1.0,0.0,0.129,450000.0,4.537793146285807
1680,Jeroen Zoet,AZ Alkmaar,eredivisie,Netherlands,35,Goalkeeper,918.0,0.0,1.0,0.0,0.098,250000.0,4.533027592645224
1681,Jens Martin Gammelby,Silkeborg IF,superliga,Denmark,31,Defender,1980.0,3.0,0.0,0.136,0.0,350000.0,4.50524241765313
1682,Gerrit Nauber,Go Ahead Eagles,eredivisie,Netherlands,34,Defender,799.0,2.0,0.0,0.225,0.0,300000.0,4.5024102421323535
1683,Andrew Hjulsager,Vejle Boldklub,superliga,Denmark,31,Midfield,1068.0,2.0,2.0,0.169,0.169,400000.0,4.475179827641198
1684,Welinton Torrão,CD Santa Clara,liga-portugal,Portugal,27,Attack,669.0,1.0,2.0,0.135,0.269,400000.0,4.471792376244285
1685,Kristoffer Peterson,Fortuna Sittardia Combinatie,eredivisie,Netherlands,32,Attack,1691.0,3.0,2.0,0.16,0.106,450000.0,4.461617071246056
1686,Hidde Jurjus,FC Groningen,eredivisie,Netherlands,32,Goalkeeper,547.0,0.0,0.0,0.0,0.0,250000.0,4.425446725045768
1687,Mikkel Duelund,Vejle Boldklub,superliga,Denmark,29,Attack,1171.0,5.0,0.0,0.384,0.0,400000.0,4.413159351822934
1688,Lucas Pirard,Standard Liège,jupiler-pro-league,Belgium,31,Goalkeeper,810.0,0.0,0.0,0.0,0.0,350000.0,4.352287351862785
1689,Matías Rocha,FC Arouca,liga-portugal,Portugal,25,Defender,843.0,0.0,0.0,0.0,0.0,400000.0,4.287107595989705
1690,Tiago Hernández,Avs Futebol,liga-portugal,Portugal,24,Midfield,562.0,0.0,0.0,0.0,0.0,300000.0,4.2853803025535075
1691,Abdullah Yiğiter,Antalyaspor,super-lig,Türkiye,26,Goalkeeper,1260.0,0.0,0.0,0.0,0.0,250000.0,4.270650611708121
1692,Christian Manrique,Panetolikos Agrinio,super-league-1,Greece,28,Defender,1702.0,0.0,1.0,0.0,0.053,450000.0,4.226778420642269
1693,Fredrik Oldrup Jensen,NAC Breda,eredivisie,Netherlands,33,Midfield,755.0,0.0,1.0,0.0,0.119,250000.0,4.178306844033877
1694,Witi,CD Nacional,liga-portugal,Portugal,30,Attack,935.0,1.0,1.0,0.096,0.096,500000.0,4.121037932171215
1695,Jannes Wieckhoff,Heracles Almelo,eredivisie,Netherlands,26,Defender,847.0,0.0,0.0,0.0,0.0,350000.0,4.115197157157691
1696,Maxence Prévot,Oud-Heverlee Leuven,jupiler-pro-league,Belgium,29,Goalkeeper,562.0,0.0,0.0,0.0,0.0,300000.0,4.112084342956933
1697,Diego Esteban,Panetolikos Agrinio,super-league-1,Greece,26,Attack,1952.0,2.0,1.0,0.092,0.046,450000.0,4.062273454073706
1698,André Ayew,NAC Breda,eredivisie,Netherlands,37,Attack,881.0,1.0,0.0,0.102,0.0,250000.0,4.050198258096936
1699,Luuk Koopmans,Fortuna Sittardia Combinatie,eredivisie,Netherlands,33,Goalkeeper,900.0,0.0,0.0,0.0,0.0,200000.0,4.0495402255927875
1700,Christian Sørensen,Vejle Boldklub,superliga,Denmark,34,Defender,1132.0,0.0,2.0,0.0,0.159,200000.0,4.039184096481165
1701,Lasse Nielsen,Vejle Boldklub,superliga,Denmark,38,Defender,1690.0,0.0,0.0,0.0,0.0,25000.0,4.033712338296719
1702,Mathieu Maertens,Oud-Heverlee Leuven,jupiler-pro-league,Belgium,31,Midfield,1041.0,1.0,3.0,0.086,0.259,600000.0,3.9430029703187373
1703,Iyad Mohamed,Casa Pia AC,liga-portugal,Portugal,25,Midfield,948.0,1.0,0.0,0.095,0.0,400000.0,3.8809732169343496
1704,Volnei,Panserraikos Serres,super-league-1,Greece,26,Defender,1414.0,1.0,0.0,0.064,0.0,450000.0,3.8520057833145374
1705,Matthew Guillaumier,Panserraikos Serres,super-league-1,Greece,28,Midfield,493.0,0.0,0.0,0.0,0.0,450000.0,3.8423502977280863
1706,Alex Plat,FC Volendam,eredivisie,Netherlands,28,Midfield,584.0,0.0,0.0,0.0,0.0,300000.0,3.826218875257068
1707,Yannick Thoelen,Royal Antwerp FC,jupiler-pro-league,Belgium,36,Goalkeeper,496.0,0.0,0.0,0.0,0.0,200000.0,3.7733303505800264
1708,Brandley Kuwas,FC Volendam,eredivisie,Netherlands,34,Attack,2024.0,5.0,4.0,0.222,0.178,250000.0,3.765408975439107
1709,Jefferson Encada,CF Estrela Amadora,liga-portugal,Portugal,28,Defender,1544.0,0.0,2.0,0.0,0.117,400000.0,3.737394820012023
1710,Luciano Maidana,Athlitiki Enosi Kifisias,super-league-1,Greece,24,Defender,569.0,0.0,0.0,0.0,0.0,150000.0,3.710921841627677
1711,Ché Nunnely,Panserraikos Serres,super-league-1,Greece,27,Attack,861.0,1.0,1.0,0.105,0.105,500000.0,3.710406006866292
1712,Enes Keskin,Alanyaspor,super-lig,Türkiye,25,Midfield,748.0,0.0,1.0,0.0,0.12,350000.0,3.6996529718129896
1713,Fousseni Diabaté,Kasimpasa,super-lig,Türkiye,31,Attack,1979.0,1.0,4.0,0.045,0.182,800000.0,3.687634868597362
1714,Miguel Puche,FC Arouca,liga-portugal,Portugal,25,Attack,711.0,1.0,1.0,0.127,0.127,400000.0,3.6797820513166846
1715,Miguel Baeza,CD Nacional,liga-portugal,Portugal,26,Midfield,811.0,1.0,0.0,0.111,0.0,400000.0,3.6489494875311
1716,Daniel Høegh,Randers FC,superliga,Denmark,35,Defender,1828.0,3.0,1.0,0.148,0.049,100000.0,3.633053529331351
1717,Furkan Soyalp,Kayserispor,super-lig,Türkiye,31,Midfield,1809.0,1.0,0.0,0.05,0.0,400000.0,3.5667927583890884
1718,Deniz Türüç,Konyaspor,super-lig,Türkiye,33,Attack,1046.0,1.0,2.0,0.086,0.172,500000.0,3.5592201065779037
1719,Konstantinos Pomonis,A.G.S Asteras Tripolis,super-league-1,Greece,24,Defender,709.0,0.0,0.0,0.0,0.0,175000.0,3.5434529727772293
1720,Daniel Johnson,Fatih Karagümrük,super-lig,Türkiye,34,Midfield,1012.0,1.0,3.0,0.089,0.267,250000.0,3.499280797414387
1721,Michael Verrips,FCV Dender EH,jupiler-pro-league,Belgium,30,Goalkeeper,900.0,0.0,0.0,0.0,0.0,450000.0,3.4953869098410326
1722,Erick Ferigra,Athlitiki Enosi Larisas,super-league-1,Greece,27,Defender,1143.0,0.0,0.0,0.0,0.0,450000.0,3.4751441350328
1723,Abdurrahim Dursun,Gençlerbirliği Spor Kulübü,super-lig,Türkiye,28,Defender,661.0,0.0,1.0,0.0,0.136,250000.0,3.4448855550142343
1724,Mario Engels,Heracles Almelo,eredivisie,Netherlands,33,Attack,998.0,1.0,2.0,0.09,0.18,300000.0,3.4205869191160603
1725,Peter Ankersen,FC Nordsjaelland,superliga,Denmark,36,Defender,1780.0,3.0,1.0,0.152,0.051,100000.0,3.371579773923879
1726,Umut Meraş,Eyüpspor,super-lig,Türkiye,31,Defender,1828.0,0.0,2.0,0.0,0.098,400000.0,3.3688630271090294
1727,Svenn Crone,FC Fredericia,superliga,Denmark,31,Defender,1752.0,2.0,0.0,0.103,0.0,350000.0,3.3636344759449344
1728,Mory Konaté,KV Mechelen,jupiler-pro-league,Belgium,33,Midfield,1777.0,1.0,1.0,0.051,0.051,500000.0,3.3114617773920565
1729,Moses Opondo,FC Fredericia,superliga,Denmark,29,Midfield,803.0,0.0,1.0,0.0,0.112,300000.0,3.291286205248263
1730,Simon Wæver,Sönderjyske Fodbold,superliga,Denmark,30,Defender,917.0,0.0,0.0,0.0,0.0,100000.0,3.2776325628481104
1731,Andreas Cornelius,FC Copenhagen,superliga,Denmark,33,Attack,493.0,0.0,0.0,0.0,0.0,250000.0,3.247794669150454
1732,Andreas Oggesen,Sönderjyske Fodbold,superliga,Denmark,32,Defender,1574.0,0.0,3.0,0.0,0.172,200000.0,3.2046212461381405
1733,Hüseyin Türkmen,Antalyaspor,super-lig,Türkiye,28,Defender,1431.0,0.0,0.0,0.0,0.0,300000.0,3.164101345212047
1734,Patrick Mortensen,Aarhus GF,superliga,Denmark,37,Attack,1811.0,7.0,0.0,0.348,0.0,200000.0,3.1372010804529804
1735,Nikolaos Kaltsas,A.G.S Asteras Tripolis,super-league-1,Greece,36,Attack,1306.0,2.0,1.0,0.138,0.069,125000.0,3.115474591277925
1736,Iván Márquez,Fortuna Sittardia Combinatie,eredivisie,Netherlands,32,Defender,2502.0,1.0,0.0,0.036,0.0,450000.0,3.1026419346170098
1737,Gustav Granath,Panetolikos Agrinio,super-league-1,Greece,29,Defender,819.0,0.0,0.0,0.0,0.0,400000.0,3.0989299277131135
1738,Thomas Henry,Standard Liège,jupiler-pro-league,Belgium,32,Attack,1361.0,3.0,2.0,0.198,0.132,500000.0,3.0861058076819816
1739,Giannis Doiranlis,Panserraikos Serres,super-league-1,Greece,24,Midfield,1024.0,0.0,0.0,0.0,0.0,400000.0,3.0651201196555435
1740,Giannis Kotsiras,Panathinaikos Athlitikos Omilos,super-league-1,Greece,34,Defender,608.0,0.0,0.0,0.0,0.0,450000.0,3.055795219453431
1741,Moudjatovic,CD Tondela,liga-portugal,Portugal,24,Attack,557.0,0.0,0.0,0.0,0.0,200000.0,3.0533200397547464
1742,Fabiano,Aris Thessalonikis,super-league-1,Greece,35,Defender,1485.0,2.0,0.0,0.121,0.0,450000.0,3.045004214124708
1743,Bojan Kovacevic,Athlitiki Enosi Larisas,super-league-1,Greece,30,Defender,530.0,0.0,0.0,0.0,0.0,300000.0,3.0405029692646743
1744,Bebeto,CD Tondela,liga-portugal,Portugal,36,Defender,1901.0,3.0,0.0,0.142,0.0,50000.0,3.03787028327193
1745,Metehan Mimaroğlu,Gençlerbirliği Spor Kulübü,super-lig,Türkiye,32,Attack,1974.0,6.0,4.0,0.274,0.182,400000.0,3.0367008832776974
1746,Yevgeniy Kucherenko,Panetolikos Agrinio,super-league-1,Greece,27,Goalkeeper,990.0,0.0,0.0,0.0,0.0,400000.0,2.999659772104989
1747,Konstantinos Apostolakis,Athlitiki Enosi Larisas,super-league-1,Greece,27,Defender,519.0,0.0,0.0,0.0,0.0,125000.0,2.984227861141389
1748,Tayfur Bingöl,Kocaelispor,super-lig,Türkiye,33,Midfield,2130.0,5.0,2.0,0.211,0.085,400000.0,2.977935949699586
1749,Dimitrios Tsakmakis,APS Atromitos Athinon,super-league-1,Greece,27,Defender,756.0,0.0,0.0,0.0,0.0,300000.0,2.96948161096909
1750,Guilherme Romão,CD Santa Clara,liga-portugal,Portugal,29,Defender,890.0,0.0,1.0,0.0,0.101,400000.0,2.952511915338139
1751,Dylan Mertens,SC Telstar,eredivisie,Netherlands,31,Midfield,475.0,0.0,0.0,0.0,0.0,200000.0,2.9470595292662605
1752,Ozan Kökcü,FC Volendam,eredivisie,Netherlands,28,Midfield,1578.0,1.0,2.0,0.057,0.114,375000.0,2.937192848938429
1753,Dejan Lovren,Panthessalonikios Athlitikos Omilos Konstantinoupoliton,super-league-1,Greece,37,Defender,1387.0,0.0,1.0,0.0,0.065,400000.0,2.909661403438557
1754,Rodrigo Abascal,Vitória Guimarães SC,liga-portugal,Portugal,32,Defender,2272.0,1.0,2.0,0.04,0.079,400000.0,2.9032885887000055
1755,Georgios Athanasiadis,Aris Thessalonikis,super-league-1,Greece,33,Goalkeeper,1138.0,0.0,0.0,0.0,0.0,500000.0,2.8842279968382543
1756,Wagane Faye,RAAL La Louvière,jupiler-pro-league,Belgium,33,Defender,1947.0,2.0,1.0,0.092,0.046,400000.0,2.8468413825440937
1757,Aaron Leya Iseka,Omilos Filathlon Irakliou FC,super-league-1,Greece,29,Attack,556.0,1.0,1.0,0.162,0.162,400000.0,2.834006076008557
1758,Sandro Lima,FC Alverca,liga-portugal,Portugal,36,Attack,1426.0,5.0,2.0,0.316,0.126,150000.0,2.820003868663656
1759,Matías González,Volou Neos Podosferikos Syllogos,super-league-1,Greece,24,Midfield,489.0,0.0,0.0,0.0,0.0,250000.0,2.8187601733086285
1760,Renan Ribeiro,CF Estrela Amadora,liga-portugal,Portugal,36,Goalkeeper,2970.0,0.0,0.0,0.0,0.0,100000.0,2.747482288276915
1761,Federico Macheda,A.G.S Asteras Tripolis,super-league-1,Greece,35,Attack,1522.0,3.0,2.0,0.177,0.118,150000.0,2.741609597239404
1762,Kevin Höög Jansson,CF Estrela Amadora,liga-portugal,Portugal,26,Midfield,814.0,0.0,0.0,0.0,0.0,400000.0,2.735340054229968
1763,Benjamin Kimpioka,CD Tondela,liga-portugal,Portugal,26,Attack,525.0,0.0,0.0,0.0,0.0,400000.0,2.730056787325585
1764,Enes Mahmutovic,NAC Breda,eredivisie,Netherlands,29,Defender,734.0,0.0,0.0,0.0,0.0,250000.0,2.711523983036093
1765,Ali Yavuz Kol,Kasimpasa,super-lig,Türkiye,25,Attack,707.0,0.0,0.0,0.0,0.0,250000.0,2.6998156094590344
1766,Sander van de Streek,Antalyaspor,super-lig,Türkiye,33,Midfield,2350.0,6.0,4.0,0.23,0.153,500000.0,2.619136640097636
1767,Peter Michorl,APS Atromitos Athinon,super-league-1,Greece,31,Midfield,1933.0,1.0,4.0,0.047,0.186,500000.0,2.6123720922842613
1768,Joel Robles,GD Estoril Praia,liga-portugal,Portugal,36,Goalkeeper,2790.0,0.0,0.0,0.0,0.0,350000.0,2.585538489729824
1769,Boyd Lucassen,NAC Breda,eredivisie,Netherlands,28,Defender,1108.0,1.0,0.0,0.081,0.0,350000.0,2.580185366173388
1770,Clint Leemans,NAC Breda,eredivisie,Netherlands,31,Midfield,1358.0,1.0,1.0,0.066,0.066,400000.0,2.570985354951291
1771,Simão,Avs Futebol,liga-portugal,Portugal,33,Goalkeeper,1073.0,0.0,0.0,0.0,0.0,200000.0,2.553667314319484
1772,Jeppe Grønning,Viborg FF,superliga,Denmark,35,Midfield,1876.0,1.0,1.0,0.048,0.048,100000.0,2.5138746605314006
1773,Vasilios Grosdis,Volou Neos Podosferikos Syllogos,super-league-1,Greece,24,Midfield,613.0,0.0,0.0,0.0,0.0,300000.0,2.5076897752624943
1774,Joel Abu Hanna,APO Levadiakos Football Club,super-league-1,Greece,28,Defender,886.0,0.0,0.0,0.0,0.0,350000.0,2.4987350501715695
1775,Martin Frydek,Aris Thessalonikis,super-league-1,Greece,34,Defender,569.0,0.0,1.0,0.0,0.158,200000.0,2.496274721727287
1776,André Rømer,Randers FC,superliga,Denmark,33,Midfield,662.0,0.0,0.0,0.0,0.0,250000.0,2.486451300942001
1777,Matej Hanousek,Gençlerbirliği Spor Kulübü,super-lig,Türkiye,33,Defender,1355.0,0.0,0.0,0.0,0.0,100000.0,2.4717076182991358
1778,Nick Viergever,FC Utrecht,eredivisie,Netherlands,37,Defender,1750.0,0.0,0.0,0.0,0.0,300000.0,2.45873414227494
1779,Jorge Pombo,Athlitiki Enosi Kifisias,super-league-1,Greece,32,Midfield,1969.0,6.0,3.0,0.274,0.137,275000.0,2.4586662155175105
1780,Francisco Tinaglini,Panserraikos Serres,super-league-1,Greece,28,Goalkeeper,1839.0,0.0,0.0,0.0,0.0,400000.0,2.4521785244399092
1781,Mike te Wierik,Heracles Almelo,eredivisie,Netherlands,34,Defender,1383.0,1.0,0.0,0.065,0.0,200000.0,2.4377443398361267
1782,Maximiliano Comba,Volou Neos Podosferikos Syllogos,super-league-1,Greece,32,Attack,1750.0,4.0,0.0,0.206,0.0,300000.0,2.4318223690315195
1783,Ángel Torres,Eyüpspor,super-lig,Türkiye,26,Attack,546.0,0.0,1.0,0.0,0.165,250000.0,2.41253046100723
1784,Kosta Aleksic,Panetolikos Agrinio,super-league-1,Greece,28,Attack,999.0,3.0,0.0,0.27,0.0,450000.0,2.407936956541151
1785,Juanpi,Volou Neos Podosferikos Syllogos,super-league-1,Greece,32,Midfield,1725.0,4.0,0.0,0.209,0.0,350000.0,2.3889928593680745
1786,Lenny Pintor,Eyüpspor,super-lig,Türkiye,26,Attack,767.0,0.0,1.0,0.0,0.117,200000.0,2.375869597401659
1787,Rasmus Falk,Odense Boldklub,superliga,Denmark,34,Midfield,1702.0,0.0,3.0,0.0,0.159,250000.0,2.3574559542914804
1788,Bruno Martins Indi,Sparta Rotterdam,eredivisie,Netherlands,34,Defender,2211.0,1.0,0.0,0.041,0.0,300000.0,2.3500812363357735
1789,Ui-jo Hwang,Alanyaspor,super-lig,Türkiye,34,Midfield,2473.0,4.0,6.0,0.146,0.218,500000.0,2.30716946756666
1790,Roman Neustädter,KVC Westerlo,jupiler-pro-league,Belgium,38,Defender,912.0,0.0,0.0,0.0,0.0,100000.0,2.306153417553511
1791,Vernon de Marco,Panserraikos Serres,super-league-1,Greece,34,Defender,1994.0,2.0,0.0,0.09,0.0,250000.0,2.2970754902075425
1792,Henrik Dalsgaard,Aarhus GF,superliga,Denmark,37,Defender,1604.0,0.0,0.0,0.0,0.0,100000.0,2.2967491306765924
1793,David Simón,Athlitiki Enosi Kifisias,super-league-1,Greece,38,Defender,1547.0,0.0,1.0,0.0,0.058,50000.0,2.23077402465761
1794,Ángelo Sagal,Athlitiki Enosi Larisas,super-league-1,Greece,33,Attack,1243.0,5.0,0.0,0.362,0.0,350000.0,2.224760547835122
1795,Lazar Kojic,Panetolikos Agrinio,super-league-1,Greece,27,Midfield,1627.0,0.0,0.0,0.0,0.0,450000.0,2.2100456609532677
1796,Henk Veerman,FC Volendam,eredivisie,Netherlands,35,Attack,1696.0,4.0,1.0,0.212,0.053,250000.0,2.193034910510146
1797,Nicolai Poulsen,Aarhus GF,superliga,Denmark,33,Midfield,1247.0,1.0,2.0,0.072,0.144,200000.0,2.1441103060534523
1798,Charles,Vitória Guimarães SC,liga-portugal,Portugal,32,Goalkeeper,1710.0,0.0,0.0,0.0,0.0,300000.0,2.142981845808748
1799,Jens Toornstra,Sparta Rotterdam,eredivisie,Netherlands,37,Midfield,792.0,0.0,0.0,0.0,0.0,200000.0,2.1165917119932556
1800,José Fonte,Casa Pia AC,liga-portugal,Portugal,43,Defender,1439.0,1.0,0.0,0.063,0.0,100000.0,2.0649247566605493
1801,Mike Vestergård,Vejle Boldklub,superliga,Denmark,29,Midfield,1792.0,0.0,1.0,0.0,0.05,350000.0,2.0338329678907314
1802,Cassiano,Casa Pia AC,liga-portugal,Portugal,37,Attack,1884.0,6.0,0.0,0.287,0.0,150000.0,2.029289821587465
1803,Theocharis Iliadis,Athlitiki Enosi Larisas,super-league-1,Greece,30,Defender,879.0,0.0,0.0,0.0,0.0,350000.0,2.0274039439076588
1804,Mansur,APS Atromitos Athinon,super-league-1,Greece,33,Defender,1826.0,1.0,1.0,0.049,0.049,250000.0,2.0167722674214095
1805,Jérôme Onguéné,Eyüpspor,super-lig,Türkiye,29,Defender,782.0,0.0,2.0,0.0,0.23,250000.0,2.005647669307923
1806,Georgios Mygas,Volou Neos Podosferikos Syllogos,super-league-1,Greece,32,Defender,1281.0,0.0,1.0,0.0,0.07,250000.0,2.0006726661116034
1807,Caio Secco,Moreirense FC,liga-portugal,Portugal,36,Goalkeeper,990.0,0.0,0.0,0.0,0.0,100000.0,1.9705502393510483
1808,Serdar Dursun,Kocaelispor,super-lig,Türkiye,35,Attack,1526.0,6.0,2.0,0.354,0.118,250000.0,1.9652462354282876
1809,Vasilios Xenopoulos,Athlitiki Enosi Kifisias,super-league-1,Greece,28,Goalkeeper,540.0,0.0,0.0,0.0,0.0,300000.0,1.916323433442375
1810,Frederik Tingager,Aarhus GF,superliga,Denmark,33,Defender,966.0,0.0,1.0,0.0,0.093,150000.0,1.9016515531949822
1811,Alexandru Maxim,Gaziantep FK,super-lig,Türkiye,36,Midfield,2698.0,5.0,7.0,0.167,0.234,300000.0,1.8367644661472258
1812,Guilherme,Konyaspor,super-lig,Türkiye,36,Defender,1860.0,0.0,1.0,0.0,0.048,200000.0,1.8311803324072844
1813,Anthony Nwakaeme,Trabzonspor,super-lig,Türkiye,37,Attack,644.0,0.0,2.0,0.0,0.28,150000.0,1.814372574459581
1814,Giannis Kargas,Volou Neos Podosferikos Syllogos,super-league-1,Greece,32,Defender,2016.0,0.0,0.0,0.0,0.0,250000.0,1.8003326888099591
1815,Charalampos Mavrias,Panetolikos Agrinio,super-league-1,Greece,32,Defender,1193.0,1.0,0.0,0.075,0.0,300000.0,1.796635669863376
1816,Denis Odoi,NAC Breda,eredivisie,Netherlands,38,Defender,1513.0,0.0,0.0,0.0,0.0,150000.0,1.7951011217909583
1817,Frederico Venâncio,CD Santa Clara,liga-portugal,Portugal,33,Defender,1731.0,1.0,1.0,0.052,0.052,300000.0,1.7919126628214543
1818,Andreas Gianniotis,Kasimpasa,super-lig,Türkiye,34,Goalkeeper,2970.0,1.0,0.0,0.03,0.0,300000.0,1.7814318612046984
1819,Nikolaos Karelis,Panserraikos Serres,super-league-1,Greece,34,Attack,544.0,0.0,2.0,0.0,0.331,250000.0,1.767577482597954
1820,Erhan Erentürk,Gençlerbirliği Spor Kulübü,super-lig,Türkiye,31,Goalkeeper,630.0,0.0,0.0,0.0,0.0,200000.0,1.7497725554905845
1821,Rodrigo Pinho,CF Estrela Amadora,liga-portugal,Portugal,35,Attack,1185.0,4.0,1.0,0.304,0.076,150000.0,1.7367539076585388
1822,João Afonso,CD Tondela,liga-portugal,Portugal,36,Defender,608.0,0.0,0.0,0.0,0.0,50000.0,1.733132897954753
1823,Efecan Karaca,Alanyaspor,super-lig,Türkiye,37,Attack,504.0,0.0,0.0,0.0,0.0,100000.0,1.716504372832741
1824,Rafael Barbosa,Avs Futebol,liga-portugal,Portugal,30,Midfield,648.0,1.0,2.0,0.139,0.278,300000.0,1.7134780278663113
1825,Nikolai Alho,A.G.S Asteras Tripolis,super-league-1,Greece,33,Defender,1030.0,0.0,1.0,0.0,0.087,250000.0,1.6842982846867134
1826,Unai García,Panetolikos Agrinio,super-league-1,Greece,34,Defender,899.0,0.0,0.0,0.0,0.0,400000.0,1.664813080725509
1827,Gökhan Değirmenci,Kocaelispor,super-lig,Türkiye,37,Goalkeeper,855.0,0.0,0.0,0.0,0.0,50000.0,1.6585655341654686
1828,Ömer Ali Şahiner,Basaksehir FK,super-lig,Türkiye,34,Defender,1842.0,2.0,0.0,0.098,0.0,200000.0,1.656925567880117
1829,Goni Naor,Athlitiki Enosi Larisas,super-league-1,Greece,27,Midfield,568.0,0.0,0.0,0.0,0.0,350000.0,1.6261918508145339
1830,Nikola Sipcic,A.G.S Asteras Tripolis,super-league-1,Greece,31,Defender,986.0,0.0,0.0,0.0,0.0,400000.0,1.604670937567559
1831,Savvas Mourgos,Athlitiki Enosi Larisas,super-league-1,Greece,28,Attack,1029.0,0.0,2.0,0.0,0.175,400000.0,1.5858725250577914
1832,Ahmet Oğuz,Kocaelispor,super-lig,Türkiye,33,Defender,2145.0,0.0,2.0,0.0,0.084,400000.0,1.5787929829325924
1833,Achilleas Poungouras,Omilos Filathlon Irakliou FC,super-league-1,Greece,31,Defender,647.0,0.0,0.0,0.0,0.0,400000.0,1.5769351234960287
1834,Noë Dussenne,Oud-Heverlee Leuven,jupiler-pro-league,Belgium,34,Defender,1746.0,1.0,1.0,0.052,0.052,300000.0,1.5654232812321474
1835,Cafú,Kasimpasa,super-lig,Türkiye,33,Midfield,1324.0,0.0,1.0,0.0,0.068,250000.0,1.551492330423594
1836,Nuno da Costa,Basaksehir FK,super-lig,Türkiye,35,Attack,899.0,3.0,1.0,0.3,0.1,400000.0,1.5413867428626522
1837,Aderllan Santos,Avs Futebol,liga-portugal,Portugal,37,Defender,1032.0,1.0,0.0,0.087,0.0,100000.0,1.5206075891578137
1838,Thomas Bruns,Heracles Almelo,eredivisie,Netherlands,34,Midfield,1156.0,1.0,0.0,0.078,0.0,175000.0,1.4937334809346274
1839,Günay Güvenç,Galatasaray,super-lig,Türkiye,35,Goalkeeper,738.0,0.0,0.0,0.0,0.0,200000.0,1.4819182267031097
1840,Paulo Victor,Alanyaspor,super-lig,Türkiye,39,Goalkeeper,1260.0,0.0,0.0,0.0,0.0,50000.0,1.4797049140404759
1841,Sokratis Dioudis,Aris Thessalonikis,super-league-1,Greece,33,Goalkeeper,1022.0,0.0,0.0,0.0,0.0,200000.0,1.4678644829349456
1842,Yuriy Lodygin,APO Levadiakos Football Club,super-league-1,Greece,36,Goalkeeper,2160.0,0.0,0.0,0.0,0.0,250000.0,1.4618339658739816
1843,Rúben Semedo,Avs Futebol,liga-portugal,Portugal,32,Defender,782.0,0.0,0.0,0.0,0.0,300000.0,1.4579178646672672
1844,Hélder Tavares,CD Tondela,liga-portugal,Portugal,37,Midfield,589.0,0.0,0.0,0.0,0.0,50000.0,1.4517122985816469
1845,Davíd Kristján Ólafsson,Athlitiki Enosi Larisas,super-league-1,Greece,31,Defender,710.0,0.0,0.0,0.0,0.0,450000.0,1.448308293284721
1846,João Aurélio,CD Nacional,liga-portugal,Portugal,38,Defender,1322.0,0.0,0.0,0.0,0.0,50000.0,1.4385850547952643
1847,Paschalis Staikos,Athlitiki Enosi Larisas,super-league-1,Greece,30,Midfield,586.0,0.0,1.0,0.0,0.154,350000.0,1.4334029836317106
1848,Mateus Pivô,Avs Futebol,liga-portugal,Portugal,29,Defender,1149.0,0.0,0.0,0.0,0.0,300000.0,1.422599147029251
1849,Zeki Yavru,Samsunspor,super-lig,Türkiye,35,Defender,2017.0,0.0,2.0,0.0,0.089,200000.0,1.4199212992278483
1850,Diamantis Chouchoumis,Athlitiki Enosi Kifisias,super-league-1,Greece,32,Defender,630.0,0.0,0.0,0.0,0.0,300000.0,1.407497637345143
1851,Alexandros Anagnostopoulos,Athlitiki Enosi Larisas,super-league-1,Greece,32,Goalkeeper,1080.0,0.0,0.0,0.0,0.0,225000.0,1.3986609849052822
1852,Lindsay Rose,Aris Thessalonikis,super-league-1,Greece,34,Defender,988.0,0.0,0.0,0.0,0.0,125000.0,1.3935676080755557
1853,Allan Godói,Göztepe,super-lig,Türkiye,33,Defender,1854.0,0.0,2.0,0.0,0.097,100000.0,1.3918382378354974
1854,Tomané,Avs Futebol,liga-portugal,Portugal,34,Attack,2025.0,4.0,1.0,0.178,0.044,150000.0,1.3830776759755206
1855,Nikolaos Papadopoulos,A.G.S Asteras Tripolis,super-league-1,Greece,36,Goalkeeper,1800.0,0.0,0.0,0.0,0.0,125000.0,1.3752776702336822
1856,Luccas Claro,Eyüpspor,super-lig,Türkiye,35,Defender,1417.0,1.0,1.0,0.064,0.064,150000.0,1.3693954531449941
1857,Paulo Oliveira,SC Braga,liga-portugal,Portugal,34,Defender,819.0,0.0,0.0,0.0,0.0,400000.0,1.3571224363473025
1858,Epaminondas Pantelakis,Athlitiki Enosi Larisas,super-league-1,Greece,31,Defender,1157.0,0.0,0.0,0.0,0.0,400000.0,1.3560856493747444
1859,Lionel Carole,Kayserispor,super-lig,Türkiye,35,Defender,1902.0,0.0,0.0,0.0,0.0,200000.0,1.3040058315169663
1860,Jakub Brabec,Rio Ave FC,liga-portugal,Portugal,34,Defender,2150.0,1.0,0.0,0.042,0.0,400000.0,1.301267412648479
1861,Quini,APS Atromitos Athinon,super-league-1,Greece,37,Defender,1058.0,0.0,0.0,0.0,0.0,150000.0,1.27571071154035
1862,Panagiotis Symelidis,APO Levadiakos Football Club,super-league-1,Greece,34,Attack,794.0,3.0,1.0,0.34,0.113,125000.0,1.2750304910228822
1863,Nélson Oliveira,Vitória Guimarães SC,liga-portugal,Portugal,35,Attack,1315.0,3.0,0.0,0.205,0.0,200000.0,1.2597969419589492
1864,Nikolaos Melissas,Athlitiki Enosi Larisas,super-league-1,Greece,33,Goalkeeper,1170.0,0.0,0.0,0.0,0.0,200000.0,1.2277444440722343
1865,Angelos Liasos,Panserraikos Serres,super-league-1,Greece,26,Midfield,1151.0,0.0,0.0,0.0,0.0,300000.0,1.2257240464881562
1866,Ivan Cavaleiro,CD Tondela,liga-portugal,Portugal,33,Attack,852.0,2.0,0.0,0.211,0.0,350000.0,1.2223076161768192
1867,Julián Cuesta,Antalyaspor,super-lig,Türkiye,35,Goalkeeper,1800.0,0.0,0.0,0.0,0.0,200000.0,1.2194523083057813
1868,Adrián Riera,Panserraikos Serres,super-league-1,Greece,30,Midfield,618.0,1.0,1.0,0.146,0.146,250000.0,1.219310857837516
1869,Nabil Makni,Volou Neos Podosferikos Syllogos,super-league-1,Greece,25,Attack,615.0,0.0,0.0,0.0,0.0,200000.0,1.2179047721338974
1870,Sergi Gómez,FC Alverca,liga-portugal,Portugal,34,Defender,2484.0,0.0,0.0,0.0,0.0,300000.0,1.2158012695582483
1871,Lefteris Choutesiotis,APS Atromitos Athinon,super-league-1,Greece,32,Goalkeeper,1800.0,0.0,0.0,0.0,0.0,400000.0,1.2147488263272503
1872,Ponck,Avs Futebol,liga-portugal,Portugal,36,Defender,921.0,0.0,0.0,0.0,0.0,100000.0,1.2146062161180604
1873,Hördur Magnússon,APO Levadiakos Football Club,super-league-1,Greece,33,Defender,1373.0,0.0,0.0,0.0,0.0,450000.0,1.2099816998421904
1874,Nikolaos Marinakis,Omilos Filathlon Irakliou FC,super-league-1,Greece,33,Defender,634.0,0.0,0.0,0.0,0.0,150000.0,1.1642365444144995
1875,Taşkın İlter,Eyüpspor,super-lig,Türkiye,32,Midfield,1074.0,0.0,0.0,0.0,0.0,150000.0,1.1556978804650146
1876,Zidane Banjaqui,Panserraikos Serres,super-league-1,Greece,28,Midfield,685.0,0.0,0.0,0.0,0.0,175000.0,1.1478938856052938
1877,Marko Jevtovic,Konyaspor,super-lig,Türkiye,33,Midfield,1177.0,0.0,0.0,0.0,0.0,400000.0,1.1161927822895472
1878,Serdar Gürler,Eyüpspor,super-lig,Türkiye,35,Attack,1290.0,0.0,0.0,0.0,0.0,150000.0,1.1055447402043521
1879,Kubilay Kanatsızkuş,Kasimpasa,super-lig,Türkiye,29,Attack,601.0,1.0,1.0,0.15,0.15,400000.0,1.104483691548501
1880,Davide Biraschi,Fatih Karagümrük,super-lig,Türkiye,32,Defender,1146.0,0.0,0.0,0.0,0.0,400000.0,1.1021416292192678
1881,André Geraldes,Casa Pia AC,liga-portugal,Portugal,35,Defender,1995.0,0.0,0.0,0.0,0.0,150000.0,1.0928336043444582
1882,Stefan Savic,Trabzonspor,super-lig,Türkiye,35,Defender,1757.0,1.0,1.0,0.051,0.051,400000.0,1.089420620609849
1883,Konstantinos Triantafyllopoulos,A.G.S Asteras Tripolis,super-league-1,Greece,33,Defender,1353.0,0.0,0.0,0.0,0.0,175000.0,1.0802933387764833
1884,Hannes Van Der Bruggen,Cercle Brugge,jupiler-pro-league,Belgium,33,Midfield,2265.0,0.0,1.0,0.0,0.04,400000.0,1.078698672305724
1885,Evgeniy Yablonskiy,A.G.S Asteras Tripolis,super-league-1,Greece,31,Midfield,1087.0,0.0,1.0,0.0,0.083,450000.0,1.0536377738449794
1886,David Simão,FC Arouca,liga-portugal,Portugal,36,Midfield,660.0,0.0,0.0,0.0,0.0,100000.0,1.0518064056233365
1887,Stephane Omeonga,Panserraikos Serres,super-league-1,Greece,30,Midfield,1593.0,0.0,0.0,0.0,0.0,400000.0,1.050057505199033
1888,Hjörtur Hermannsson,Volou Neos Podosferikos Syllogos,super-league-1,Greece,31,Defender,2119.0,0.0,0.0,0.0,0.0,400000.0,1.0473917289616201
1889,Vasilios Lampropoulos,Omilos Filathlon Irakliou FC,super-league-1,Greece,36,Defender,1963.0,1.0,0.0,0.046,0.0,150000.0,1.021435480541007
1890,Ertuğrul Taşkıran,Alanyaspor,super-lig,Türkiye,37,Goalkeeper,1800.0,0.0,0.0,0.0,0.0,100000.0,1.0209632973167704
1891,Alex Teixeira,Panserraikos Serres,super-league-1,Greece,36,Midfield,745.0,1.0,1.0,0.121,0.121,125000.0,1.0016747950356817
1892,Kiki,Avs Futebol,liga-portugal,Portugal,32,Defender,1530.0,0.0,0.0,0.0,0.0,300000.0,0.9763662652152851
1893,Andreas Bouchalakis,Panetolikos Agrinio,super-league-1,Greece,33,Midfield,1611.0,0.0,0.0,0.0,0.0,300000.0,0.9659731644872186
1894,Zisis Chatzistravos,Athlitiki Enosi Larisas,super-league-1,Greece,27,Midfield,538.0,0.0,0.0,0.0,0.0,400000.0,0.9648540713122837
1895,Mumo Muñoz,A.G.S Asteras Tripolis,super-league-1,Greece,31,Midfield,1156.0,0.0,1.0,0.0,0.078,450000.0,0.9527611078141535
1896,Giannis Bouzoukis,Volou Neos Podosferikos Syllogos,super-league-1,Greece,28,Midfield,787.0,0.0,1.0,0.0,0.114,450000.0,0.937276217010106
1897,Hugo Sousa,Athlitiki Enosi Kifisias,super-league-1,Greece,34,Defender,1775.0,1.0,0.0,0.051,0.0,150000.0,0.8859267779596265
1898,Veysel Sarı,Antalyaspor,super-lig,Türkiye,38,Defender,1926.0,1.0,1.0,0.047,0.047,100000.0,0.8855448033537239
1899,Ognjen Ozegovic,APS Atromitos Athinon,super-league-1,Greece,32,Attack,707.0,2.0,1.0,0.255,0.127,450000.0,0.8460326180240553
1900,Nazım Sangaré,Gaziantep FK,super-lig,Türkiye,32,Defender,1146.0,0.0,0.0,0.0,0.0,200000.0,0.8132962428204074
1901,Kamil Ahmet Çörekçi,Kasimpasa,super-lig,Türkiye,34,Defender,767.0,0.0,0.0,0.0,0.0,100000.0,0.7723702262777105
1902,Rubén Pérez,Athlitiki Enosi Kifisias,super-league-1,Greece,37,Midfield,1289.0,0.0,0.0,0.0,0.0,125000.0,0.6886022063831957
1903,Leandro Garate,Athlitiki Enosi Larisas,super-league-1,Greece,33,Attack,799.0,3.0,1.0,0.338,0.113,225000.0,0.6692696999002796
1904,Óscar Pinchi,Volou Neos Podosferikos Syllogos,super-league-1,Greece,30,Attack,521.0,0.0,1.0,0.0,0.173,350000.0,0.5897637946519156
1905,Andre Green,Panserraikos Serres,super-league-1,Greece,28,Attack,665.0,0.0,1.0,0.0,0.135,300000.0,0.5816957392264173
